county,address,name,dem,rep,grn,lib,unaf,oth,total,date,dem_perc,rep_perc,grn_perc,lib_perc,unaf_perc,oth_perc
ALLEGANY,364,47,15,10,0,1,15,0,41,2018-01-31,36.58536585365854,24.390243902439025,0,2.4390243902439024,36.58536585365854,0
ANNE ARUNDEL,2860,553,134,128,4,4,93,3,366,2018-01-31,36.6120218579235,34.97267759562842,1.092896174863388,1.092896174863388,25.40983606557377,0.819672131147541
BALTIMORE CITY,3635,723,105,46,10,3,53,6,223,2018-01-31,47.08520179372198,20.62780269058296,4.484304932735426,1.345291479820628,23.766816143497756,2.690582959641256
BALTIMORE CO.,4858,1013,194,139,9,12,108,14,476,2018-01-31,40.7563025210084,29.20168067226891,1.8907563025210083,2.5210084033613445,22.689075630252102,2.941176470588235
CALVERT,358,177,28,26,2,0,21,2,79,2018-01-31,35.44303797468354,32.91139240506329,2.5316455696202533,0,26.582278481012654,2.5316455696202533
CAROLINE,124,35,12,5,0,0,9,0,26,2018-01-31,46.15384615384615,19.230769230769234,0,0,34.61538461538461,0
CARROLL,728,179,35,59,1,2,30,2,129,2018-01-31,27.131782945736433,45.73643410852713,0.7751937984496124,1.550387596899225,23.25581395348837,1.550387596899225
CECIL,511,115,23,18,2,8,16,1,68,2018-01-31,33.82352941176471,26.47058823529412,2.941176470588235,11.76470588235294,23.52941176470588,1.4705882352941175
CHARLES,893,224,57,44,1,1,29,3,135,2018-01-31,42.22222222222222,32.592592592592595,0.7407407407407408,0.7407407407407408,21.48148148148148,2.2222222222222223
DORCHESTER,182,32,9,4,0,3,4,2,22,2018-01-31,40.909090909090914,18.181818181818183,0,13.636363636363635,18.181818181818183,9.090909090909092
FREDERICK,1390,308,58,81,3,4,70,1,217,2018-01-31,26.72811059907834,37.327188940092164,1.3824884792626728,1.8433179723502304,32.25806451612903,0.4608294930875576
GARRETT,152,24,7,8,0,1,6,0,22,2018-01-31,31.818181818181817,36.36363636363637,0,4.545454545454546,27.27272727272727,0
HARFORD,1421,301,73,79,1,4,62,5,224,2018-01-31,32.589285714285715,35.267857142857146,0.4464285714285714,1.7857142857142856,27.67857142857143,2.232142857142857
HOWARD,1335,307,48,83,3,5,81,7,227,2018-01-31,21.145374449339208,36.56387665198238,1.3215859030837005,2.2026431718061676,35.68281938325991,3.0837004405286343
KENT,69,19,2,3,1,0,2,0,8,2018-01-31,25,37.5,12.5,0,25,0
MONTGOMERY,5595,1224,187,202,15,8,205,19,636,2018-01-31,29.40251572327044,31.761006289308174,2.358490566037736,1.257861635220126,32.23270440251572,2.9874213836477987
PR. GEORGE'S,4821,936,153,58,2,3,95,22,333,2018-01-31,45.94594594594595,17.417417417417415,0.6006006006006006,0.9009009009009009,28.52852852852853,6.606606606606606
QUEEN ANNE'S,300,56,10,10,0,1,12,1,34,2018-01-31,29.411764705882355,29.411764705882355,0,2.941176470588235,35.294117647058826,2.941176470588235
ST. MARY'S,537,111,22,27,1,4,18,1,73,2018-01-31,30.136986301369863,36.986301369863014,1.36986301369863,5.47945205479452,24.65753424657534,1.36986301369863
SOMERSET,105,32,15,4,0,0,5,0,24,2018-01-31,62.5,16.666666666666664,0,0,20.833333333333336,0
TALBOT,201,51,6,12,1,1,5,1,26,2018-01-31,23.076923076923077,46.15384615384615,3.8461538461538463,3.8461538461538463,19.230769230769234,3.8461538461538463
WASHINGTON,842,147,33,26,2,1,35,4,101,2018-01-31,32.67326732673268,25.742574257425744,1.9801980198019802,0.9900990099009901,34.65346534653465,3.9603960396039604
WICOMICO,302,76,24,16,0,2,12,3,57,2018-01-31,42.10526315789473,28.07017543859649,0,3.508771929824561,21.052631578947366,5.263157894736842
WORCESTER,279,47,15,15,0,0,17,0,47,2018-01-31,31.914893617021278,31.914893617021278,0,0,36.17021276595745,0
Total,31862,6737,1265,1103,58,68,1003,97,3594,2018-01-31,35.197551474680026,30.69003895381191,1.613800779076238,1.8920422927100722,27.907623817473564,2.6989426822481914
ALLEGANY,132,55,29,6,0,1,10,1,47,2018-02-28,61.702127659574465,12.76595744680851,0,2.127659574468085,21.27659574468085,2.127659574468085
ANNE ARUNDEL,842,379,103,88,5,8,78,4,286,2018-02-28,36.01398601398601,30.76923076923077,1.7482517482517483,2.797202797202797,27.27272727272727,1.3986013986013985
BALTIMORE CITY,1254,598,75,50,8,4,60,10,207,2018-02-28,36.231884057971016,24.154589371980677,3.864734299516908,1.932367149758454,28.985507246376812,4.830917874396135
BALTIMORE CO.,1261,688,154,110,2,8,107,9,390,2018-02-28,39.48717948717949,28.205128205128204,0.5128205128205128,2.051282051282051,27.435897435897438,2.307692307692308
CALVERT,114,73,34,15,0,2,12,4,67,2018-02-28,50.74626865671642,22.388059701492537,0,2.9850746268656714,17.91044776119403,5.970149253731343
CAROLINE,179,20,9,3,1,0,7,0,20,2018-02-28,45,15,5,0,35,0
CARROLL,212,101,27,24,2,4,19,4,80,2018-02-28,33.75,30,2.5,5,23.75,5
CECIL,166,86,20,15,2,1,24,3,65,2018-02-28,30.76923076923077,23.076923076923077,3.076923076923077,1.5384615384615385,36.92307692307693,4.615384615384616
CHARLES,263,143,24,36,0,1,25,2,88,2018-02-28,27.27272727272727,40.909090909090914,0,1.1363636363636365,28.40909090909091,2.272727272727273
DORCHESTER,58,21,6,5,0,0,8,0,19,2018-02-28,31.57894736842105,26.31578947368421,0,0,42.10526315789473,0
FREDERICK,394,195,41,35,3,4,51,1,135,2018-02-28,30.37037037037037,25.925925925925924,2.2222222222222223,2.9629629629629632,37.77777777777778,0.7407407407407408
GARRETT,41,20,5,5,0,1,1,0,12,2018-02-28,41.66666666666667,41.66666666666667,0,8.333333333333332,8.333333333333332,0
HARFORD,396,204,63,30,3,3,43,6,148,2018-02-28,42.567567567567565,20.27027027027027,2.027027027027027,2.027027027027027,29.054054054054053,4.054054054054054
HOWARD,324,199,38,48,2,1,54,5,148,2018-02-28,25.675675675675674,32.432432432432435,1.3513513513513513,0.6756756756756757,36.486486486486484,3.3783783783783785
KENT,25,12,5,3,0,0,5,0,13,2018-02-28,38.46153846153847,23.076923076923077,0,0,38.46153846153847,0
MONTGOMERY,1864,894,136,167,9,11,194,20,537,2018-02-28,25.32588454376164,31.098696461824954,1.675977653631285,2.0484171322160147,36.12662942271881,3.7243947858473
PR. GEORGE'S,2457,1631,139,70,5,9,108,15,346,2018-02-28,40.17341040462428,20.23121387283237,1.4450867052023122,2.601156069364162,31.213872832369944,4.335260115606936
QUEEN ANNE'S,51,37,16,6,0,1,7,0,30,2018-02-28,53.333333333333336,20,0,3.3333333333333335,23.333333333333332,0
ST. MARY'S,170,77,17,21,1,0,14,1,54,2018-02-28,31.48148148148148,38.88888888888889,1.8518518518518516,0,25.925925925925924,1.8518518518518516
SOMERSET,39,16,6,2,1,1,2,2,14,2018-02-28,42.857142857142854,14.285714285714285,7.142857142857142,7.142857142857142,14.285714285714285,14.285714285714285
TALBOT,93,45,8,11,0,0,9,0,28,2018-02-28,28.57142857142857,39.285714285714285,0,0,32.142857142857146,0
WASHINGTON,267,125,27,17,1,2,24,1,72,2018-02-28,37.5,23.61111111111111,1.3888888888888888,2.7777777777777777,33.33333333333333,1.3888888888888888
WICOMICO,270,92,19,13,0,1,11,3,47,2018-02-28,40.42553191489361,27.659574468085108,0,2.127659574468085,23.404255319148938,6.382978723404255
WORCESTER,96,53,18,7,0,0,10,1,36,2018-02-28,50,19.444444444444446,0,0,27.77777777777778,2.7777777777777777
Total,10968,5764,1019,787,45,63,883,92,2889,2018-02-28,35.27172031844929,27.241259951540325,1.557632398753894,2.1806853582554515,30.564209068881965,3.1844929041190726
ALLEGANY,346,28,19,7,0,0,8,3,37,2018-03-31,51.35135135135135,18.91891891891892,0,0,21.62162162162162,8.108108108108109
ANNE ARUNDEL,1840,460,91,98,2,5,115,10,321,2018-03-31,28.34890965732087,30.529595015576323,0.6230529595015576,1.557632398753894,35.82554517133956,3.115264797507788
BALTIMORE CITY,4410,688,86,61,9,2,85,12,255,2018-03-31,33.72549019607843,23.92156862745098,3.5294117647058822,0.7843137254901961,33.33333333333333,4.705882352941177
BALTIMORE CO.,4638,817,162,125,3,10,119,15,434,2018-03-31,37.327188940092164,28.80184331797235,0.6912442396313364,2.3041474654377883,27.419354838709676,3.4562211981566824
CALVERT,400,81,46,15,0,5,34,5,105,2018-03-31,43.80952380952381,14.285714285714285,0,4.761904761904762,32.38095238095238,4.761904761904762
CAROLINE,74,23,12,4,0,0,9,0,25,2018-03-31,48,16,0,0,36,0
CARROLL,603,105,21,31,0,3,27,2,84,2018-03-31,25,36.904761904761905,0,3.571428571428571,32.142857142857146,2.380952380952381
CECIL,416,96,38,13,0,2,23,3,79,2018-03-31,48.10126582278481,16.455696202531644,0,2.5316455696202533,29.11392405063291,3.79746835443038
CHARLES,803,155,30,43,1,2,25,3,104,2018-03-31,28.846153846153843,41.34615384615385,0.9615384615384616,1.9230769230769231,24.03846153846154,2.8846153846153846
DORCHESTER,234,27,6,4,1,2,7,0,20,2018-03-31,30,20,5,10,35,0
FREDERICK,1199,218,45,47,5,3,61,3,164,2018-03-31,27.439024390243905,28.65853658536585,3.048780487804878,1.8292682926829267,37.19512195121951,1.8292682926829267
GARRETT,116,14,3,3,0,1,4,0,11,2018-03-31,27.27272727272727,27.27272727272727,0,9.090909090909092,36.36363636363637,0
HARFORD,1307,225,64,37,2,2,40,8,153,2018-03-31,41.830065359477125,24.183006535947712,1.3071895424836601,1.3071895424836601,26.143790849673206,5.228758169934641
HOWARD,1163,238,51,51,6,5,64,5,182,2018-03-31,28.021978021978022,28.021978021978022,3.296703296703297,2.7472527472527473,35.16483516483517,2.7472527472527473
KENT,69,13,5,3,0,1,5,1,15,2018-03-31,33.33333333333333,20,0,6.666666666666667,33.33333333333333,6.666666666666667
MONTGOMERY,5328,1009,153,178,9,9,279,33,661,2018-03-31,23.14674735249622,26.928895612708022,1.361573373676248,1.361573373676248,42.208774583963695,4.992435703479576
PR. GEORGE'S,5047,919,158,71,7,7,93,14,350,2018-03-31,45.14285714285714,20.285714285714285,2,2,26.571428571428573,4
QUEEN ANNE'S,197,54,12,8,1,0,13,0,34,2018-03-31,35.294117647058826,23.52941176470588,2.941176470588235,0,38.23529411764706,0
ST. MARY'S,550,80,21,15,0,1,13,2,52,2018-03-31,40.38461538461539,28.846153846153843,0,1.9230769230769231,25,3.8461538461538463
SOMERSET,98,23,11,3,0,0,6,0,20,2018-03-31,55.00000000000001,15,0,0,30,0
TALBOT,165,29,5,11,2,0,18,1,37,2018-03-31,13.513513513513514,29.72972972972973,5.405405405405405,0,48.64864864864865,2.7027027027027026
WASHINGTON,891,174,37,14,2,4,34,1,92,2018-03-31,40.21739130434783,15.217391304347828,2.1739130434782608,4.3478260869565215,36.95652173913043,1.0869565217391304
WICOMICO,582,78,18,16,0,0,12,0,46,2018-03-31,39.130434782608695,34.78260869565217,0,0,26.08695652173913,0
WORCESTER,273,45,29,13,1,1,30,2,76,2018-03-31,38.15789473684211,17.105263157894736,1.3157894736842104,1.3157894736842104,39.473684210526315,2.631578947368421
Total,30749,5599,1123,871,51,65,1124,123,3357,2018-03-31,33.45248733988681,25.945784927018174,1.519213583556747,1.9362526064938934,33.48227584152517,3.6639857015192137
ALLEGANY,131,31,10,5,0,1,19,2,37,2018-04-30,27.027027027027028,13.513513513513514,0,2.7027027027027026,51.35135135135135,5.405405405405405
ANNE ARUNDEL,1169,511,121,101,3,14,119,4,362,2018-04-30,33.42541436464088,27.900552486187845,0.8287292817679558,3.867403314917127,32.87292817679558,1.1049723756906076
BALTIMORE CITY,1970,944,119,75,12,4,85,7,302,2018-04-30,39.40397350993378,24.834437086092713,3.9735099337748347,1.3245033112582782,28.14569536423841,2.3178807947019866
BALTIMORE CO.,1645,917,188,117,13,12,131,7,468,2018-04-30,40.17094017094017,25,2.7777777777777777,2.564102564102564,27.99145299145299,1.4957264957264957
CALVERT,156,67,69,10,0,1,43,1,124,2018-04-30,55.64516129032258,8.064516129032258,0,0.8064516129032258,34.67741935483871,0.8064516129032258
CAROLINE,69,20,32,5,0,2,12,3,54,2018-04-30,59.25925925925925,9.25925925925926,0,3.7037037037037033,22.22222222222222,5.555555555555555
CARROLL,253,108,25,31,0,3,34,5,98,2018-04-30,25.510204081632654,31.63265306122449,0,3.061224489795918,34.69387755102041,5.1020408163265305
CECIL,173,111,41,13,1,1,20,3,79,2018-04-30,51.89873417721519,16.455696202531644,1.2658227848101267,1.2658227848101267,25.31645569620253,3.79746835443038
CHARLES,282,155,25,55,0,1,34,3,118,2018-04-30,21.1864406779661,46.61016949152542,0,0.847457627118644,28.8135593220339,2.5423728813559325
DORCHESTER,85,26,18,12,0,1,5,0,36,2018-04-30,50,33.33333333333333,0,2.7777777777777777,13.88888888888889,0
FREDERICK,449,222,41,40,3,6,63,1,154,2018-04-30,26.623376623376622,25.97402597402597,1.948051948051948,3.896103896103896,40.909090909090914,0.6493506493506493
GARRETT,37,21,13,2,0,0,4,1,20,2018-04-30,65,10,0,0,20,5
HARFORD,431,189,63,41,4,6,63,6,183,2018-04-30,34.42622950819672,22.404371584699454,2.185792349726776,3.278688524590164,34.42622950819672,3.278688524590164
HOWARD,434,217,42,47,4,7,60,6,166,2018-04-30,25.301204819277107,28.313253012048197,2.4096385542168677,4.216867469879518,36.144578313253014,3.614457831325301
KENT,29,25,4,6,0,0,4,0,14,2018-04-30,28.57142857142857,42.857142857142854,0,0,28.57142857142857,0
MONTGOMERY,2068,1086,201,220,12,17,365,31,846,2018-04-30,23.75886524822695,26.004728132387704,1.4184397163120568,2.0094562647754137,43.14420803782506,3.664302600472813
PR. GEORGE'S,2329,1021,142,71,7,3,105,26,354,2018-04-30,40.11299435028249,20.056497175141246,1.977401129943503,0.847457627118644,29.66101694915254,7.344632768361582
QUEEN ANNE'S,68,41,11,7,2,1,7,0,28,2018-04-30,39.285714285714285,25,7.142857142857142,3.571428571428571,25,0
ST. MARY'S,222,106,28,18,0,1,28,1,76,2018-04-30,36.84210526315789,23.684210526315788,0,1.3157894736842104,36.84210526315789,1.3157894736842104
SOMERSET,38,13,15,5,0,0,7,0,27,2018-04-30,55.55555555555556,18.51851851851852,0,0,25.925925925925924,0
TALBOT,74,43,4,17,0,0,23,0,44,2018-04-30,9.090909090909092,38.63636363636363,0,0,52.27272727272727,0
WASHINGTON,367,137,31,33,0,3,27,4,98,2018-04-30,31.63265306122449,33.6734693877551,0,3.061224489795918,27.55102040816326,4.081632653061225
WICOMICO,183,74,15,15,2,2,16,3,53,2018-04-30,28.30188679245283,28.30188679245283,3.7735849056603774,3.7735849056603774,30.18867924528302,5.660377358490567
WORCESTER,134,62,33,9,1,2,32,3,80,2018-04-30,41.25,11.25,1.25,2.5,40,3.75
Total,12796,6147,1291,955,64,88,1306,117,3821,2018-04-30,33.786966762627586,24.99345721015441,1.6749542004710807,2.303062025647736,34.179534153362994,3.0620256477361947
ALLEGANY,127,42,43,11,1,1,31,5,92,2018-05-31,46.73913043478261,11.956521739130435,1.0869565217391304,1.0869565217391304,33.69565217391305,5.434782608695652
ANNE ARUNDEL,1503,830,196,126,11,19,289,10,651,2018-05-31,30.107526881720432,19.35483870967742,1.6897081413210446,2.9185867895545314,44.39324116743472,1.5360983102918586
BALTIMORE CITY,2743,1772,233,211,26,10,241,18,739,2018-05-31,31.52909336941813,28.55209742895805,3.5182679296346415,1.3531799729364005,32.61163734776725,2.435723951285521
BALTIMORE CO.,2202,1359,277,193,22,14,270,26,802,2018-05-31,34.538653366583546,24.064837905236907,2.7431421446384037,1.7456359102244388,33.66583541147132,3.2418952618453867
CALVERT,239,142,133,23,2,9,73,4,244,2018-05-31,54.50819672131148,9.426229508196721,0.819672131147541,3.6885245901639343,29.918032786885245,1.639344262295082
CAROLINE,170,55,34,4,1,1,31,2,73,2018-05-31,46.57534246575342,5.47945205479452,1.36986301369863,1.36986301369863,42.465753424657535,2.73972602739726
CARROLL,350,190,73,47,5,5,76,6,212,2018-05-31,34.43396226415094,22.169811320754718,2.358490566037736,2.358490566037736,35.84905660377358,2.8301886792452833
CECIL,252,204,51,27,3,6,53,9,149,2018-05-31,34.22818791946309,18.120805369127517,2.013422818791946,4.026845637583892,35.57046979865772,6.0402684563758395
CHARLES,464,282,49,143,1,2,72,6,273,2018-05-31,17.94871794871795,52.38095238095239,0.3663003663003663,0.7326007326007326,26.373626373626376,2.197802197802198
DORCHESTER,67,42,26,8,0,1,12,1,48,2018-05-31,54.166666666666664,16.666666666666664,0,2.083333333333333,25,2.083333333333333
FREDERICK,639,343,93,83,8,9,147,9,349,2018-05-31,26.64756446991404,23.78223495702006,2.292263610315186,2.5787965616045847,42.12034383954155,2.5787965616045847
GARRETT,48,29,17,6,0,0,9,0,32,2018-05-31,53.125,18.75,0,0,28.125,0
HARFORD,668,334,115,70,6,10,121,6,328,2018-05-31,35.0609756097561,21.341463414634145,1.8292682926829267,3.048780487804878,36.890243902439025,1.8292682926829267
HOWARD,713,446,87,86,2,13,176,20,384,2018-05-31,22.65625,22.395833333333336,0.5208333333333333,3.3854166666666665,45.83333333333333,5.208333333333334
KENT,36,24,7,13,0,2,18,0,40,2018-05-31,17.5,32.5,0,5,45,0
MONTGOMERY,3702,2411,282,487,33,33,1038,46,1919,2018-05-31,14.695153725898905,25.37780093798854,1.7196456487754037,1.7196456487754037,54.09067222511725,2.3970818134445024
PR. GEORGE'S,3292,1865,241,129,25,12,261,40,708,2018-05-31,34.03954802259887,18.220338983050848,3.531073446327684,1.694915254237288,36.86440677966102,5.649717514124294
QUEEN ANNE'S,110,61,22,9,4,2,33,2,72,2018-05-31,30.555555555555557,12.5,5.555555555555555,2.7777777777777777,45.83333333333333,2.7777777777777777
ST. MARY'S,405,161,50,31,1,2,53,2,139,2018-05-31,35.97122302158273,22.302158273381295,0.7194244604316548,1.4388489208633095,38.1294964028777,1.4388489208633095
SOMERSET,66,33,20,5,0,0,15,1,41,2018-05-31,48.78048780487805,12.195121951219512,0,0,36.58536585365854,2.4390243902439024
TALBOT,127,73,20,20,2,2,50,3,97,2018-05-31,20.618556701030926,20.618556701030926,2.0618556701030926,2.0618556701030926,51.546391752577314,3.0927835051546393
WASHINGTON,787,200,50,23,5,3,55,0,136,2018-05-31,36.76470588235294,16.911764705882355,3.6764705882352944,2.2058823529411766,40.44117647058824,0
WICOMICO,287,122,30,24,3,1,25,6,89,2018-05-31,33.70786516853933,26.96629213483146,3.3707865168539324,1.1235955056179776,28.08988764044944,6.741573033707865
WORCESTER,146,89,70,8,1,1,35,4,119,2018-05-31,58.82352941176471,6.722689075630252,0.8403361344537815,0.8403361344537815,29.411764705882355,3.361344537815126
Total,19143,11109,2219,1787,162,158,3184,226,7736,2018-05-31,28.684074457083764,23.09979317476732,2.094105480868666,2.0423991726990693,41.15822130299897,2.921406411582213
ALLEGANY,107,40,24,10,0,2,16,2,54,2018-06-30,44.44444444444444,18.51851851851852,0,3.7037037037037033,29.629629629629626,3.7037037037037033
ANNE ARUNDEL,1571,753,106,80,9,11,251,9,466,2018-06-30,22.746781115879827,17.167381974248926,1.9313304721030045,2.3605150214592276,53.862660944206006,1.9313304721030045
BALTIMORE CITY,3147,1212,125,155,28,14,290,9,621,2018-06-30,20.128824476650564,24.9597423510467,4.508856682769726,2.254428341384863,46.69887278582931,1.4492753623188406
BALTIMORE CO.,2546,1459,263,155,26,37,375,29,885,2018-06-30,29.717514124293785,17.51412429378531,2.937853107344633,4.1807909604519775,42.3728813559322,3.2768361581920904
CALVERT,271,139,85,20,0,8,82,4,199,2018-06-30,42.71356783919598,10.050251256281408,0,4.0201005025125625,41.20603015075377,2.0100502512562812
CAROLINE,70,24,21,3,1,2,28,2,57,2018-06-30,36.84210526315789,5.263157894736842,1.7543859649122806,3.508771929824561,49.122807017543856,3.508771929824561
CARROLL,358,166,57,34,0,5,71,2,169,2018-06-30,33.72781065088758,20.118343195266274,0,2.9585798816568047,42.01183431952663,1.183431952662722
CECIL,219,112,49,9,1,1,44,4,108,2018-06-30,45.370370370370374,8.333333333333332,0.9259259259259258,0.9259259259259258,40.74074074074074,3.7037037037037033
CHARLES,378,184,30,88,1,2,37,2,160,2018-06-30,18.75,55.00000000000001,0.625,1.25,23.125,1.25
DORCHESTER,112,42,11,6,0,2,12,1,32,2018-06-30,34.375,18.75,0,6.25,37.5,3.125
FREDERICK,693,278,52,47,10,7,146,2,264,2018-06-30,19.696969696969695,17.803030303030305,3.787878787878788,2.6515151515151514,55.3030303030303,0.7575757575757576
GARRETT,37,22,5,7,1,1,13,3,30,2018-06-30,16.666666666666664,23.333333333333332,3.3333333333333335,3.3333333333333335,43.333333333333336,10
HARFORD,541,252,101,46,8,7,124,5,291,2018-06-30,34.707903780068726,15.807560137457044,2.7491408934707904,2.405498281786942,42.61168384879725,1.718213058419244
HOWARD,902,434,77,104,1,5,255,15,457,2018-06-30,16.849015317286653,22.75711159737418,0.2188183807439825,1.0940919037199124,55.798687089715536,3.282275711159737
KENT,57,15,5,5,0,0,16,1,27,2018-06-30,18.51851851851852,18.51851851851852,0,0,59.25925925925925,3.7037037037037033
MONTGOMERY,4341,2620,161,329,20,23,954,62,1549,2018-06-30,10.39380245319561,21.239509360877985,1.2911555842479019,1.4848289218850872,61.58812136862492,4.002582311168496
PR. GEORGE'S,2518,1189,108,68,9,8,215,29,437,2018-06-30,24.71395881006865,15.560640732265446,2.059496567505721,1.8306636155606408,49.19908466819222,6.636155606407322
QUEEN ANNE'S,65,45,11,3,1,2,24,1,42,2018-06-30,26.190476190476193,7.142857142857142,2.380952380952381,4.761904761904762,57.14285714285714,2.380952380952381
ST. MARY'S,331,99,22,10,1,2,43,5,83,2018-06-30,26.506024096385545,12.048192771084338,1.2048192771084338,2.4096385542168677,51.80722891566265,6.024096385542169
SOMERSET,32,12,9,1,0,0,3,0,13,2018-06-30,69.23076923076923,7.6923076923076925,0,0,23.076923076923077,0
TALBOT,316,51,22,18,1,4,45,1,91,2018-06-30,24.175824175824175,19.78021978021978,1.098901098901099,4.395604395604396,49.45054945054945,1.098901098901099
WASHINGTON,785,124,27,18,3,2,64,3,117,2018-06-30,23.076923076923077,15.384615384615385,2.564102564102564,1.7094017094017095,54.700854700854705,2.564102564102564
WICOMICO,229,91,27,9,3,1,29,3,72,2018-06-30,37.5,12.5,4.166666666666666,1.3888888888888888,40.27777777777778,4.166666666666666
WORCESTER,144,69,48,4,1,2,41,1,97,2018-06-30,49.48453608247423,4.123711340206185,1.0309278350515463,2.0618556701030926,42.2680412371134,1.0309278350515463
Total,19770,9432,1446,1229,125,148,3178,195,6321,2018-06-30,22.876127195064072,19.443126087644362,1.9775352001265623,2.3414016769498494,50.27685492801772,3.0849549121974373
ALLEGANY,348,71,77,15,1,3,66,4,166,2018-07-31,46.3855421686747,9.036144578313253,0.6024096385542169,1.8072289156626504,39.75903614457831,2.4096385542168677
ANNE ARUNDEL,4728,1143,323,254,15,29,587,34,1242,2018-07-31,26.006441223832528,20.45088566827697,1.2077294685990339,2.3349436392914655,47.26247987117552,2.737520128824477
BALTIMORE CITY,3628,1328,200,167,41,32,668,34,1142,2018-07-31,17.513134851138354,14.623467600700527,3.5901926444833623,2.8021015761821366,58.49387040280211,2.9772329246935203
BALTIMORE CO.,7682,2604,612,355,31,46,847,43,1934,2018-07-31,31.64426059979317,18.355739400206826,1.6028955532574976,2.378490175801448,43.795243019648396,2.2233712512926576
CALVERT,717,223,98,57,4,14,204,4,381,2018-07-31,25.72178477690289,14.960629921259844,1.0498687664041995,3.674540682414698,53.54330708661418,1.0498687664041995
CAROLINE,155,64,39,19,0,1,70,1,130,2018-07-31,30,14.615384615384617,0,0.7692307692307693,53.84615384615385,0.7692307692307693
CARROLL,1040,297,95,88,5,7,203,7,405,2018-07-31,23.456790123456788,21.728395061728396,1.2345679012345678,1.728395061728395,50.123456790123456,1.728395061728395
CECIL,649,185,57,43,4,8,132,4,248,2018-07-31,22.983870967741936,17.338709677419356,1.6129032258064515,3.225806451612903,53.2258064516129,1.6129032258064515
CHARLES,1117,356,96,61,1,8,126,7,299,2018-07-31,32.10702341137124,20.401337792642142,0.33444816053511706,2.6755852842809364,42.14046822742475,2.341137123745819
DORCHESTER,262,56,15,10,0,0,14,1,40,2018-07-31,37.5,25,0,0,35,2.5
FREDERICK,1560,586,121,137,10,14,157,3,442,2018-07-31,27.37556561085973,30.995475113122172,2.262443438914027,3.167420814479638,35.52036199095023,0.6787330316742082
GARRETT,155,46,23,17,1,0,21,0,62,2018-07-31,37.096774193548384,27.419354838709676,1.6129032258064515,0,33.87096774193548,0
HARFORD,924,284,157,68,2,9,203,12,451,2018-07-31,34.811529933481154,15.077605321507761,0.4434589800443459,1.9955654101995564,45.01108647450111,2.6607538802660753
HOWARD,2275,775,168,215,8,26,430,29,876,2018-07-31,19.17808219178082,24.54337899543379,0.91324200913242,2.968036529680365,49.08675799086758,3.3105022831050226
KENT,141,35,13,17,0,0,29,1,60,2018-07-31,21.666666666666668,28.333333333333332,0,0,48.333333333333336,1.6666666666666667
MONTGOMERY,4519,2064,323,298,22,19,502,47,1211,2018-07-31,26.67217175887696,24.607762180016515,1.8166804293971925,1.568951279933939,41.453344343517756,3.8810900082576385
PR. GEORGE'S,6588,2060,352,212,29,42,1342,176,2153,2018-07-31,16.34928007431491,9.846725499303298,1.3469577333952625,1.9507663725034836,62.33163028332559,8.174640037157454
QUEEN ANNE'S,375,107,42,20,1,3,62,8,136,2018-07-31,30.88235294117647,14.705882352941178,0.7352941176470588,2.2058823529411766,45.588235294117645,5.88235294117647
ST. MARY'S,845,253,86,46,0,5,126,3,266,2018-07-31,32.33082706766917,17.293233082706767,0,1.8796992481203008,47.368421052631575,1.1278195488721803
SOMERSET,147,34,15,6,0,0,16,0,37,2018-07-31,40.54054054054054,16.216216216216218,0,0,43.24324324324324,0
TALBOT,304,113,32,33,3,2,49,4,123,2018-07-31,26.01626016260163,26.82926829268293,2.4390243902439024,1.6260162601626018,39.83739837398374,3.2520325203252036
WASHINGTON,932,279,84,51,1,8,107,8,259,2018-07-31,32.432432432432435,19.69111969111969,0.3861003861003861,3.088803088803089,41.312741312741316,3.088803088803089
WICOMICO,830,182,46,32,3,4,74,4,163,2018-07-31,28.22085889570552,19.631901840490798,1.8404907975460123,2.4539877300613497,45.39877300613497,2.4539877300613497
WORCESTER,476,80,21,25,1,4,92,2,145,2018-07-31,14.482758620689657,17.24137931034483,0.6896551724137931,2.7586206896551726,63.44827586206897,1.3793103448275863
Total,40397,13225,3095,2246,183,284,6127,436,12371,2018-07-31,25.018187697033383,18.155363349769623,1.4792660253819416,2.2956915366583135,49.527119877132,3.524371514024735
ALLEGANY,628,102,52,25,2,2,30,3,114,2018-08-30,45.614035087719294,21.929824561403507,1.7543859649122806,1.7543859649122806,26.31578947368421,2.631578947368421
ANNE ARUNDEL,3606,1540,288,241,11,29,272,18,859,2018-08-30,33.527357392316645,28.055878928987195,1.2805587892898718,3.3760186263096625,31.664726426076832,2.0954598370197903
BALTIMORE CITY,6285,2446,317,147,9,16,246,17,752,2018-08-30,42.15425531914894,19.54787234042553,1.196808510638298,2.127659574468085,32.71276595744681,2.2606382978723407
BALTIMORE CO.,4603,2192,394,217,11,18,311,34,985,2018-08-30,40,22.030456852791875,1.116751269035533,1.8274111675126905,31.573604060913706,3.451776649746193
CALVERT,436,202,37,25,1,1,44,3,111,2018-08-30,33.33333333333333,22.52252252252252,0.9009009009009009,0.9009009009009009,39.63963963963964,2.7027027027027026
CAROLINE,92,49,16,8,0,1,13,4,42,2018-08-30,38.095238095238095,19.047619047619047,0,2.380952380952381,30.952380952380953,9.523809523809524
CARROLL,1150,261,55,74,1,8,53,5,196,2018-08-30,28.061224489795915,37.755102040816325,0.5102040816326531,4.081632653061225,27.040816326530614,2.5510204081632653
CECIL,633,212,75,30,2,5,61,3,176,2018-08-30,42.61363636363637,17.045454545454543,1.1363636363636365,2.840909090909091,34.659090909090914,1.7045454545454544
CHARLES,759,338,83,34,0,4,72,1,194,2018-08-30,42.78350515463917,17.525773195876287,0,2.0618556701030926,37.11340206185567,0.5154639175257731
DORCHESTER,203,55,13,7,1,5,44,0,70,2018-08-30,18.571428571428573,10,1.4285714285714286,7.142857142857142,62.857142857142854,0
FREDERICK,2295,569,131,132,7,9,241,11,531,2018-08-30,24.670433145009415,24.858757062146893,1.3182674199623352,1.694915254237288,45.38606403013183,2.0715630885122414
GARRETT,84,39,10,4,0,1,4,0,19,2018-08-30,52.63157894736842,21.052631578947366,0,5.263157894736842,21.052631578947366,0
HARFORD,2035,837,212,151,9,10,141,8,531,2018-08-30,39.92467043314501,28.436911487758948,1.694915254237288,1.8832391713747645,26.55367231638418,1.5065913370998116
HOWARD,1061,480,116,80,1,4,103,13,317,2018-08-30,36.59305993690852,25.236593059936908,0.31545741324921134,1.2618296529968454,32.49211356466877,4.100946372239748
KENT,62,25,7,3,0,0,10,1,21,2018-08-30,33.33333333333333,14.285714285714285,0,0,47.61904761904761,4.761904761904762
MONTGOMERY,6005,1674,382,420,29,43,1486,86,2446,2018-08-30,15.617334423548652,17.170891251022077,1.1856091578086672,1.757972199509403,60.752248569092394,3.515944399018806
PR. GEORGE'S,5793,2427,392,139,7,12,288,42,880,2018-08-30,44.54545454545455,15.795454545454547,0.7954545454545454,1.3636363636363635,32.72727272727273,4.772727272727273
QUEEN ANNE'S,207,100,15,23,0,1,23,0,62,2018-08-30,24.193548387096776,37.096774193548384,0,1.6129032258064515,37.096774193548384,0
ST. MARY'S,562,214,35,28,0,3,22,4,92,2018-08-30,38.04347826086957,30.434782608695656,0,3.260869565217391,23.91304347826087,4.3478260869565215
SOMERSET,111,26,3,4,1,1,4,2,15,2018-08-30,20,26.666666666666668,6.666666666666667,6.666666666666667,26.666666666666668,13.333333333333334
TALBOT,127,66,12,16,0,2,15,0,45,2018-08-30,26.666666666666668,35.55555555555556,0,4.444444444444445,33.33333333333333,0
WASHINGTON,553,203,47,39,1,5,40,4,136,2018-08-30,34.55882352941176,28.676470588235293,0.7352941176470588,3.6764705882352944,29.411764705882355,2.941176470588235
WICOMICO,505,202,37,21,2,3,26,2,91,2018-08-30,40.65934065934066,23.076923076923077,2.197802197802198,3.296703296703297,28.57142857142857,2.197802197802198
WORCESTER,370,138,38,33,0,1,25,1,98,2018-08-30,38.775510204081634,33.6734693877551,0,1.0204081632653061,25.510204081632654,1.0204081632653061
Total,38165,14397,2767,1901,95,184,3574,262,8783,2018-08-30,31.504041899123308,21.644085164522373,1.0816349766594557,2.094956165319367,40.692246385062056,2.9830354093134464
ALLEGANY,254,68,25,11,1,3,24,3,67,2018-09-30,37.3134328358209,16.417910447761194,1.4925373134328357,4.477611940298507,35.82089552238806,4.477611940298507
ANNE ARUNDEL,3793,1417,283,199,5,22,371,20,900,2018-09-30,31.444444444444446,22.11111111111111,0.5555555555555556,2.4444444444444446,41.22222222222222,2.2222222222222223
BALTIMORE CITY,4929,1732,232,105,11,20,206,15,589,2018-09-30,39.38879456706282,17.826825127334462,1.8675721561969438,3.395585738539898,34.974533106960955,2.5466893039049237
BALTIMORE CO.,5639,2237,382,214,14,27,352,40,1029,2018-09-30,37.12342079689018,20.796890184645285,1.3605442176870748,2.623906705539359,34.207968901846456,3.8872691933916426
CALVERT,433,175,41,42,0,2,51,9,145,2018-09-30,28.27586206896552,28.965517241379313,0,1.3793103448275863,35.172413793103445,6.206896551724138
CAROLINE,124,54,9,8,0,1,9,0,27,2018-09-30,33.33333333333333,29.629629629629626,0,3.7037037037037033,33.33333333333333,0
CARROLL,658,302,52,72,7,6,79,8,224,2018-09-30,23.214285714285715,32.142857142857146,3.125,2.6785714285714284,35.267857142857146,3.571428571428571
CECIL,498,208,54,30,3,3,59,7,156,2018-09-30,34.61538461538461,19.230769230769234,1.9230769230769231,1.9230769230769231,37.82051282051282,4.487179487179487
CHARLES,889,361,76,38,1,1,83,4,203,2018-09-30,37.4384236453202,18.7192118226601,0.49261083743842365,0.49261083743842365,40.88669950738916,1.9704433497536946
DORCHESTER,223,38,12,8,0,3,6,0,29,2018-09-30,41.37931034482759,27.586206896551722,0,10.344827586206897,20.689655172413794,0
FREDERICK,2157,579,112,140,8,16,243,10,529,2018-09-30,21.17202268431002,26.46502835538752,1.5122873345935728,3.0245746691871456,45.93572778827977,1.890359168241966
GARRETT,76,35,7,5,1,1,7,0,21,2018-09-30,33.33333333333333,23.809523809523807,4.761904761904762,4.761904761904762,33.33333333333333,0
HARFORD,1951,580,130,97,3,17,138,22,407,2018-09-30,31.941031941031937,23.832923832923832,0.7371007371007371,4.176904176904177,33.90663390663391,5.405405405405405
HOWARD,1643,753,138,139,5,19,218,17,536,2018-09-30,25.74626865671642,25.932835820895523,0.9328358208955223,3.544776119402985,40.67164179104478,3.171641791044776
KENT,64,40,12,4,1,0,6,1,24,2018-09-30,50,16.666666666666664,4.166666666666666,0,25,4.166666666666666
MONTGOMERY,9283,4992,747,526,34,46,963,99,2415,2018-09-30,30.93167701863354,21.78053830227743,1.4078674948240166,1.9047619047619049,39.87577639751553,4.099378881987578
PR. GEORGE'S,4677,2169,296,109,16,10,268,61,760,2018-09-30,38.94736842105263,14.342105263157896,2.1052631578947367,1.3157894736842104,35.26315789473684,8.026315789473685
QUEEN ANNE'S,232,102,14,20,0,1,29,1,65,2018-09-30,21.53846153846154,30.76923076923077,0,1.5384615384615385,44.61538461538462,1.5384615384615385
ST. MARY'S,697,186,34,44,2,5,45,4,134,2018-09-30,25.37313432835821,32.83582089552239,1.4925373134328357,3.731343283582089,33.582089552238806,2.9850746268656714
SOMERSET,70,25,6,0,0,0,6,0,12,2018-09-30,50,0,0,0,50,0
TALBOT,202,78,15,22,0,2,21,1,61,2018-09-30,24.59016393442623,36.0655737704918,0,3.278688524590164,34.42622950819672,1.639344262295082
WASHINGTON,1116,333,102,60,6,4,126,5,303,2018-09-30,33.663366336633665,19.801980198019802,1.9801980198019802,1.3201320132013201,41.584158415841586,1.65016501650165
WICOMICO,959,173,37,29,1,3,29,7,106,2018-09-30,34.90566037735849,27.358490566037734,0.9433962264150944,2.8301886792452833,27.358490566037734,6.60377358490566
WORCESTER,255,100,16,27,0,1,17,4,65,2018-09-30,24.615384615384617,41.53846153846154,0,1.5384615384615385,26.153846153846157,6.153846153846154
Total,40822,16737,2832,1949,119,213,3356,338,8807,2018-09-30,32.156239355058474,22.13012376518678,1.3511979107528103,2.41853071420461,38.10605200408766,3.8378562507096627
ALLEGANY,267,88,34,14,1,5,39,3,96,2016-09-30,35.41666666666667,14.583333333333334,1.0416666666666665,5.208333333333334,40.625,3.125
ANNE ARUNDEL,3782,1523,381,307,9,15,381,25,1118,2016-09-30,34.078711985688734,27.45974955277281,0.8050089445438283,1.3416815742397137,34.078711985688734,2.23613595706619
BALTIMORE CITY,5352,2548,397,175,11,29,367,35,1014,2016-09-30,39.15187376725838,17.258382642998026,1.0848126232741617,2.8599605522682445,36.19329388560158,3.451676528599606
BALTIMORE CO.,5847,3305,609,334,16,27,705,58,1749,2016-09-30,34.81989708404803,19.096626643796455,0.9148084619782733,1.5437392795883362,40.308747855917666,3.316180674671241
CALVERT,552,316,57,47,0,5,79,3,191,2016-09-30,29.84293193717277,24.60732984293194,0,2.6178010471204187,41.361256544502616,1.5706806282722512
CAROLINE,145,73,17,10,1,1,26,5,60,2016-09-30,28.333333333333332,16.666666666666664,1.6666666666666667,1.6666666666666667,43.333333333333336,8.333333333333332
CARROLL,982,321,101,110,3,7,125,14,360,2016-09-30,28.055555555555557,30.555555555555557,0.8333333333333334,1.9444444444444444,34.72222222222222,3.888888888888889
CECIL,439,204,47,22,1,3,43,4,120,2016-09-30,39.166666666666664,18.333333333333332,0.8333333333333334,2.5,35.833333333333336,3.3333333333333335
CHARLES,1120,593,107,51,1,2,122,9,292,2016-09-30,36.64383561643836,17.465753424657535,0.3424657534246575,0.684931506849315,41.78082191780822,3.0821917808219177
DORCHESTER,178,68,28,8,3,3,12,1,55,2016-09-30,50.90909090909091,14.545454545454545,5.454545454545454,5.454545454545454,21.818181818181817,1.8181818181818181
FREDERICK,1906,737,173,128,3,9,208,6,527,2016-09-30,32.82732447817837,24.28842504743833,0.5692599620493358,1.7077798861480076,39.46869070208729,1.1385199240986716
GARRETT,128,64,12,8,0,0,13,0,33,2016-09-30,36.36363636363637,24.242424242424242,0,0,39.39393939393939,0
HARFORD,1765,767,196,132,4,13,263,28,636,2016-09-30,30.81761006289308,20.754716981132077,0.628930817610063,2.044025157232704,41.35220125786164,4.40251572327044
HOWARD,2310,1284,232,194,9,15,367,42,859,2016-09-30,27.0081490104773,22.58440046565774,1.0477299185098952,1.7462165308498252,42.724097788125725,4.889406286379511
KENT,85,52,15,8,0,1,12,1,37,2016-09-30,40.54054054054054,21.62162162162162,0,2.7027027027027026,32.432432432432435,2.7027027027027026
MONTGOMERY,15785,6963,1069,765,33,59,2286,207,4419,2016-09-30,24.190993437429285,17.311608961303463,0.7467752885268161,1.335143697669156,51.73116089613035,4.684317718940937
PR. GEORGE'S,7855,4063,542,222,11,20,666,133,1594,2016-09-30,34.00250941028858,13.927227101631118,0.6900878293601004,1.2547051442910917,41.78168130489335,8.34378920953576
QUEEN ANNE'S,290,151,27,18,0,1,41,5,92,2016-09-30,29.347826086956523,19.565217391304348,0,1.0869565217391304,44.565217391304344,5.434782608695652
ST. MARY'S,810,374,84,69,0,5,98,9,265,2016-09-30,31.69811320754717,26.037735849056602,0,1.8867924528301887,36.9811320754717,3.3962264150943398
SOMERSET,97,39,9,4,0,0,13,2,28,2016-09-30,32.142857142857146,14.285714285714285,0,0,46.42857142857143,7.142857142857142
TALBOT,239,121,14,18,0,1,26,5,64,2016-09-30,21.875,28.125,0,1.5625,40.625,7.8125
WASHINGTON,994,408,130,60,5,3,111,4,313,2016-09-30,41.533546325878596,19.169329073482427,1.5974440894568689,0.9584664536741214,35.46325878594249,1.2779552715654952
WICOMICO,556,233,55,34,2,4,65,7,167,2016-09-30,32.93413173652694,20.359281437125748,1.1976047904191618,2.3952095808383236,38.92215568862276,4.191616766467066
WORCESTER,465,211,42,25,3,1,44,3,118,2016-09-30,35.59322033898305,21.1864406779661,2.5423728813559325,0.847457627118644,37.28813559322034,2.5423728813559325
Total,51949,24506,4378,2763,116,229,6112,609,14207,2016-09-30,30.81579503061871,19.448159358062927,0.8164989089885268,1.6118814668825228,43.02104596325755,4.286619272189766
ALLEGANY,243,58,27,14,1,0,13,0,55,2014-09-30,49.09090909090909,25.454545454545453,1.8181818181818181,0,23.636363636363637,0
ANNE ARUNDEL,2192,667,188,127,2,9,115,0,441,2014-09-30,42.63038548752834,28.798185941043087,0.45351473922902497,2.0408163265306123,26.077097505668934,0
BALTIMORE CITY,2173,841,119,57,4,3,70,13,266,2014-09-30,44.73684210526316,21.428571428571427,1.5037593984962405,1.1278195488721803,26.31578947368421,4.887218045112782
BALTIMORE CO.,3790,1593,260,132,8,10,137,45,592,2014-09-30,43.91891891891892,22.2972972972973,1.3513513513513513,1.6891891891891893,23.14189189189189,7.601351351351352
CALVERT,730,202,19,30,0,0,13,6,68,2014-09-30,27.941176470588236,44.11764705882353,0,0,19.11764705882353,8.823529411764707
CAROLINE,98,33,10,2,0,0,7,0,19,2014-09-30,52.63157894736842,10.526315789473683,0,0,36.84210526315789,0
CARROLL,629,189,71,94,3,4,42,11,225,2014-09-30,31.555555555555554,41.77777777777778,1.3333333333333335,1.7777777777777777,18.666666666666668,4.888888888888889
CECIL,397,132,32,20,1,0,32,2,87,2014-09-30,36.7816091954023,22.988505747126435,1.1494252873563218,0,36.7816091954023,2.2988505747126435
CHARLES,528,198,44,23,1,1,21,4,94,2014-09-30,46.808510638297875,24.46808510638298,1.0638297872340425,1.0638297872340425,22.340425531914892,4.25531914893617
DORCHESTER,108,31,7,4,0,1,9,0,21,2014-09-30,33.33333333333333,19.047619047619047,0,4.761904761904762,42.857142857142854,0
FREDERICK,1069,456,65,62,2,5,56,0,190,2014-09-30,34.21052631578947,32.631578947368425,1.0526315789473684,2.631578947368421,29.47368421052631,0
GARRETT,72,22,9,4,0,1,4,3,21,2014-09-30,42.857142857142854,19.047619047619047,0,4.761904761904762,19.047619047619047,14.285714285714285
HARFORD,882,412,101,70,0,4,68,14,257,2014-09-30,39.29961089494164,27.237354085603112,0,1.556420233463035,26.459143968871597,5.447470817120623
HOWARD,2776,419,80,69,2,3,49,21,224,2014-09-30,35.714285714285715,30.80357142857143,0.8928571428571428,1.3392857142857142,21.875,9.375
KENT,56,22,3,2,0,1,6,0,12,2014-09-30,25,16.666666666666664,0,8.333333333333332,50,0
MONTGOMERY,4715,1691,260,171,6,13,626,68,1144,2014-09-30,22.727272727272727,14.947552447552448,0.5244755244755245,1.1363636363636365,54.72027972027972,5.944055944055944
PR. GEORGE'S,3736,1429,138,47,3,3,85,52,328,2014-09-30,42.073170731707314,14.329268292682926,0.9146341463414633,0.9146341463414633,25.914634146341463,15.853658536585366
QUEEN ANNE'S,165,64,18,7,0,1,19,0,45,2014-09-30,40,15.555555555555555,0,2.2222222222222223,42.22222222222222,0
ST. MARY'S,391,126,31,19,2,1,30,2,85,2014-09-30,36.470588235294116,22.35294117647059,2.3529411764705883,1.1764705882352942,35.294117647058826,2.3529411764705883
SOMERSET,96,36,12,0,0,1,1,1,15,2014-09-30,80,0,0,6.666666666666667,6.666666666666667,6.666666666666667
TALBOT,139,58,13,8,1,1,5,2,30,2014-09-30,43.333333333333336,26.666666666666668,3.3333333333333335,3.3333333333333335,16.666666666666664,6.666666666666667
WASHINGTON,656,213,39,31,0,1,27,1,99,2014-09-30,39.39393939393939,31.313131313131315,0,1.0101010101010102,27.27272727272727,1.0101010101010102
WICOMICO,444,154,31,12,0,3,24,4,74,2014-09-30,41.891891891891895,16.216216216216218,0,4.054054054054054,32.432432432432435,5.405405405405405
WORCESTER,270,103,26,10,2,3,11,3,55,2014-09-30,47.27272727272727,18.181818181818183,3.6363636363636362,5.454545454545454,20,5.454545454545454
Total,26355,9149,1603,1015,38,69,1470,252,4447,2014-09-30,36.04677310546436,22.824375983809308,0.854508657521925,1.5516078255003374,33.05599280413762,5.666741623566449
