county,dem,rep,grn,lib,unaf,oth,total,date,conf.mailing,inactive,dem_perc,rep_perc,grn_perc,lib_perc,unaf_perc,oth_perc
ALLEGANY,13864,21284,135,284,7117,302,42986,2018-01-31,234,2981,32.252361233890106,49.51379518913134,0.3140557390778393,0.6606802214674545,16.55655329642209,0.7025543200111665
ANNE ARUNDEL,159780,134468,832,2708,82760,1223,381771,2018-01-31,4660,21399,41.85231460744792,35.22216197668236,0.21793169203527768,0.7093257476340529,21.67791686639373,0.3203491098066642
BALTIMORE CITY,301200,31039,1264,1416,45782,1658,382359,2018-01-31,5347,27109,78.77413634830094,8.117763672360269,0.3305793769729495,0.3703325931912156,11.973564111214854,0.43362389795977074
BALTIMORE CO.,305849,142241,1449,3096,90743,4448,547826,2018-01-31,6215,28367,55.82958822691877,25.964631105497,0.2645000419841336,0.5651429468480869,16.564201041936673,0.8119366368153392
CALVERT,23607,26554,136,489,13265,393,64444,2018-01-31,2012,4291,36.63180435727143,41.2047669294271,0.21103593817888397,0.758798336540252,20.58376264663894,0.6098317919433928
CAROLINE,6853,9156,29,107,3821,117,20083,2018-01-31,98,1039,34.1233879400488,45.590798187521784,0.14440073694169198,0.5327889259572772,19.02604192600707,0.582582283523378
CARROLL,32170,63176,264,899,24039,823,121371,2018-01-31,663,7134,26.50550790551285,52.05197287655206,0.21751489235484586,0.7407041220719941,19.806214004992956,0.6780861985152961
CECIL,21232,27543,152,423,13992,561,63903,2018-01-31,1447,7520,33.225357181978936,43.10126285150932,0.2378605073314242,0.6619407539552133,21.8956856485611,0.8778930566640064
CHARLES,66193,25331,155,479,18001,491,110650,2018-01-31,628,7683,59.82196113872571,22.892905558065973,0.140081337550836,0.43289652056032535,16.268413917758696,0.4437415273384546
DORCHESTER,9947,8080,26,116,2981,98,21248,2018-01-31,131,1366,46.81381777108434,38.02710843373494,0.12236445783132531,0.545933734939759,14.029555722891565,0.4612198795180723
FREDERICK,62111,66095,448,1283,38413,319,168669,2018-01-31,1691,11937,36.82419413170174,39.18621679146731,0.26560897378890014,0.7606614137749083,22.77419087087728,0.18912781838986417
GARRETT,4243,12694,37,102,2455,134,19665,2018-01-31,100,1305,21.57640478006611,64.55123315535215,0.18815153826595474,0.5186880244088482,12.484108822781593,0.6814136791253496
HARFORD,64110,77244,390,1374,34785,1125,179028,2018-01-31,1178,9244,35.810040887458946,43.146323480126014,0.2178430189690998,0.7674777129834439,19.42992157651317,0.6283933239493265
HOWARD,105229,55804,510,1230,47349,1830,211952,2018-01-31,1252,14166,49.64756171208575,26.328602702498678,0.2406205178530988,0.5803200724692383,22.339491960443876,0.8634030346493546
KENT,5969,4694,25,74,2051,104,12917,2018-01-31,63,848,46.21042037624836,36.33970736239065,0.19354339242858248,0.5728884415886042,15.878299914840907,0.8051405125029032
MONTGOMERY,377455,114859,1648,2989,142588,4640,644179,2018-01-31,6230,81113,58.594738418979816,17.830292511863938,0.2558295132253613,0.4640014654311923,22.1348414027778,0.7202966877218909
PR. GEORGE'S,449680,40885,1041,1582,66158,11552,570898,2018-01-31,23869,43239,78.76713528511222,7.161524475475479,0.1823443066887605,0.27710729412259283,11.58840983853508,2.023478800065861
QUEEN ANNE'S,10680,17686,78,250,6604,174,35472,2018-01-31,295,2148,30.108254397834912,49.859043752819126,0.2198917456021651,0.7047812359043752,18.617501127649977,0.4905277401894452
ST. MARY'S,25406,29195,134,519,14172,409,69835,2018-01-31,453,5963,36.38003866256175,41.80568482852438,0.19188086203193241,0.7431803536908427,20.293549079974223,0.5856662132168683
SOMERSET,5885,5158,20,57,1810,74,13004,2018-01-31,83,1087,45.25530605967394,39.664718548139035,0.15379883112888343,0.43832666871731774,13.91879421716395,0.5690556751768686
TALBOT,10029,11595,48,153,4880,185,26890,2018-01-31,181,1431,37.296392711044994,43.12011900334697,0.17850502045370026,0.5689847526961697,18.148010412792857,0.687988099665303
WASHINGTON,31839,42187,256,684,19097,455,94518,2018-01-31,536,9054,33.68564717831524,44.633826361116405,0.27084788082693245,0.72367168158446,20.204617109968474,0.48138978818849315
WICOMICO,26427,22781,145,410,10892,439,61094,2018-01-31,4300,4008,43.25629358038432,37.28844076341375,0.23733918224375555,0.6710969980685502,17.828264641372314,0.7185648345173012
WORCESTER,14055,16402,82,241,6944,290,38014,2018-01-31,1723,2350,36.97322039248698,43.14726153522386,0.21571000157836587,0.633976955858368,18.266954280002103,0.7628768348503183
Total,2133813,1006151,9304,20965,700699,31844,3902776,2018-01-31,63389,296782,54.67423700463465,25.780393238043896,0.23839441464229566,0.5371817393568066,17.953861559054378,0.8159320442679774
ALLEGANY,13826,21317,137,283,7146,302,43011,2018-02-28,36,2963,32.1452651647253,49.561740019994886,0.3185231684917812,0.6579712166655042,16.614354467461812,0.7021459626607147
ANNE ARUNDEL,159952,134571,837,2724,83017,1232,382333,2018-02-28,147,20940,41.83578189693278,35.197327983721,0.21891910978126394,0.7124679271734327,21.713270892128065,0.32223219026346145
BALTIMORE CITY,300533,30907,1263,1408,45734,1658,381503,2018-02-28,421,27140,78.77605156447001,8.101377970815433,0.3310589956042285,0.36906656042023256,11.987848064104345,0.4345968445857568
BALTIMORE CO.,306058,142275,1452,3098,90974,4476,548333,2018-02-28,129,27661,55.81608256296813,25.94682428378376,0.2648025925851627,0.5649851458876267,16.591013125235943,0.8162922895393857
CALVERT,23620,26615,138,493,13326,393,64585,2018-02-28,87,4217,36.57195943330495,41.20925911589378,0.2136719052411551,0.7633351397383293,20.633273980026324,0.6085004257954633
CAROLINE,6836,9164,27,108,3821,119,20075,2018-02-28,147,1038,34.05230386052304,45.64881693648817,0.1344956413449564,0.5379825653798256,19.03362391033624,0.5927770859277709
CARROLL,32177,63196,263,906,24101,821,121464,2018-02-28,45,7111,26.49097675031285,52.028584601198716,0.21652506092340118,0.7459000197589409,19.842093130474872,0.6759204373312258
CECIL,21297,27629,154,424,14054,564,64122,2018-02-28,93,7465,33.213249742678016,43.08817566513833,0.24016718131062662,0.6612395121799071,21.91759458532173,0.8795733133713858
CHARLES,66284,25274,156,483,18034,493,110724,2018-02-28,101,7707,59.86416675698132,22.826126223763595,0.14089086376937252,0.4362197897474802,16.28734511036451,0.44525125537372207
DORCHESTER,9953,8080,26,118,2978,101,21256,2018-02-28,20,1374,46.82442604441099,38.01279638690252,0.12231840421528038,0.5551373729770418,14.010161836657886,0.4751599548362815
FREDERICK,62287,66214,451,1285,38541,322,169100,2018-02-28,73,11459,36.834417504435244,39.15671200473093,0.2667060910703726,0.7599053814311059,22.791839148432878,0.19041986989946777
GARRETT,4245,12714,37,102,2470,133,19701,2018-02-28,2,1298,21.547129587330595,64.53479518806152,0.1878077254961677,0.5177402162326785,12.53743464798741,0.6750926348916299
HARFORD,64047,77235,391,1375,34822,1114,178984,2018-02-28,154,9457,35.78364546551647,43.15190184597506,0.21845528091896482,0.7682250927457203,19.455370312430162,0.6224020024136235
HOWARD,105382,55796,512,1241,47465,1828,212224,2018-02-28,53,14164,49.6560238238842,26.291088661037392,0.24125452352231602,0.5847594993968637,22.36551945114596,0.861354041013269
KENT,5969,4713,25,76,2056,104,12943,2018-02-28,37,845,46.11759252105385,36.41350536969791,0.19315460094259446,0.5871899868654871,15.885034381518967,0.803523139921193
MONTGOMERY,377645,114578,1645,2982,142781,4637,644268,2018-02-28,1247,81141,58.61613490038307,17.78421402273588,0.2553285278797023,0.4628508633053326,22.16174014540533,0.7197315402906865
PR. GEORGE'S,450308,40848,1046,1603,66507,11552,571864,2018-02-28,1803,43160,78.74389715037142,7.142957066715164,0.18291062210595527,0.28031140271113414,11.629863044360198,2.020060713736133
QUEEN ANNE'S,10674,17715,80,249,6619,177,35514,2018-02-28,12,2081,30.05575266092245,49.88173677986146,0.22526327645435604,0.7011319479641832,18.637720335642282,0.4983949991552627
ST. MARY'S,25471,29239,133,528,14235,413,70019,2018-02-28,90,5873,36.37726902697839,41.75866550507719,0.18994844256558935,0.7540810351476028,20.330196089632814,0.5898399005984091
SOMERSET,5889,5165,19,56,1807,73,13009,2018-02-28,2,1065,45.268660158351906,39.70328234299331,0.1460527327234991,0.4304712122376816,13.890383580598048,0.5611499730955493
TALBOT,10012,11585,48,154,4882,187,26868,2018-02-28,44,1464,37.26365937174334,43.11820753312491,0.1786511835640911,0.5731725472681256,18.1703141283311,0.6959952359684383
WASHINGTON,31838,42203,262,689,19128,461,94581,2018-02-28,26,9152,33.662152017847134,44.62101267696472,0.27701123904378255,0.7284761209968176,20.223935039807152,0.48741290534039605
WICOMICO,26402,22753,145,411,10935,436,61082,2018-02-28,136,4105,43.223863003830914,37.24992632854196,0.237385809240038,0.6728659834321077,17.902164303722863,0.7137945712321142
WORCESTER,14071,16456,85,244,6959,291,38106,2018-02-28,161,2324,36.92594342098357,43.18480029391697,0.2230619849892405,0.6403191098514669,18.26221592400147,0.7636592662572823
Total,2134776,1006242,9332,21040,702392,31887,3905669,2018-02-28,5066,295204,54.658395271079044,25.763627178852072,0.23893473819722053,0.5387041246966909,17.983910054845918,0.8164286323290582
ALLEGANY,13800,21314,138,287,7169,300,43008,2018-03-31,286,3036,32.08705357142857,49.558221726190474,0.3208705357142857,0.6673177083333333,16.668991815476193,0.6975446428571429
ANNE ARUNDEL,160652,134693,837,2754,83406,1243,383585,2018-03-31,7274,21162,41.8817211309097,35.114251078639676,0.21820457004314558,0.7179634240129306,21.743811671467864,0.32404812492667856
BALTIMORE CITY,300438,30819,1262,1412,45798,1656,381385,2018-03-31,3423,27452,78.77551555514769,8.080810729315521,0.3308992225703685,0.37022955805813024,12.008338031123406,0.4342069037848893
BALTIMORE CO.,306746,142293,1453,3120,91330,4472,549414,2018-03-31,6329,27802,55.83148591044276,25.899048804726487,0.2644635921181477,0.5678777752296083,16.62316577298722,0.8139581444957719
CALVERT,23634,26646,138,490,13329,389,64626,2018-03-31,3705,4348,36.57042057376288,41.231083464859346,0.21353634760003715,0.7582087704638999,20.624825921455763,0.6019249218580757
CAROLINE,6835,9175,27,109,3827,116,20089,2018-03-31,152,1085,34.02359500224003,45.671760665040566,0.13440191149385236,0.5425854945492559,19.05022649211011,0.5774304345661805
CARROLL,32175,63151,266,909,24132,824,121457,2018-03-31,905,7228,26.490856846455944,51.99453304461661,0.2190075499971183,0.748413018599175,19.868760137332554,0.6784294029985921
CECIL,21288,27671,157,430,14108,560,64214,2018-03-31,577,7564,33.15164917307752,43.091849129473324,0.24449496994424894,0.6696359049428473,21.970286853334166,0.8720839692278942
CHARLES,66546,25159,159,486,18073,494,110917,2018-03-31,806,7904,59.99621338478322,22.682726723586104,0.1433504332068123,0.43816547508497344,16.294165907841,0.4453780754978948
DORCHESTER,9948,8084,25,116,2995,102,21270,2018-03-31,106,1376,46.770098730606485,38.006582040432534,0.11753643629525151,0.5453690644099671,14.080865068171134,0.4795486600846262
FREDERICK,62515,66275,450,1286,38697,328,169551,2018-03-31,4615,11637,36.87091199698026,39.08853383347783,0.2654068687297627,0.7584738515254997,22.82322133163473,0.19345211765191594
GARRETT,4243,12699,37,101,2470,132,19682,2018-03-31,107,1341,21.557768519459405,64.52088202418453,0.18798902550553806,0.5131592317853877,12.549537648612946,0.6706635504521898
HARFORD,64127,77292,393,1376,34926,1109,179223,2018-03-31,975,9551,35.780563878520056,43.12616126278435,0.21927989153177882,0.7677586024115208,19.487454177198238,0.6187821875540528
HOWARD,105567,55746,503,1247,47593,1827,212483,2018-03-31,1065,14279,49.682562840321346,26.235510605554325,0.23672482033856826,0.5868704790500887,22.398497762173918,0.8598334925617578
KENT,5962,4708,28,76,2061,104,12939,2018-03-31,67,874,46.07774943967849,36.386119483731356,0.21640003091429016,0.5873715124816447,15.928587989798284,0.8037715433959348
MONTGOMERY,377811,114210,1644,3008,142806,4633,644112,2018-03-31,6870,82673,58.656103286384976,17.73138832997988,0.255235114390044,0.4669995280323919,22.170988896341008,0.7192848448716993
PR. GEORGE'S,450125,40762,1053,1601,66708,11538,571787,2018-03-31,10224,43829,78.72249631418693,7.128878411016689,0.18415948596243006,0.2799993703949198,11.66658213635497,2.017884282084063
QUEEN ANNE'S,10666,17721,79,251,6600,178,35495,2018-03-31,174,2160,30.049302718692772,49.925341597408085,0.22256655867023525,0.7071418509649247,18.594168192703197,0.5014790815607832
ST. MARY'S,25538,29287,133,533,14272,411,70174,2018-03-31,548,5935,36.392396044118904,41.734830564026566,0.1895288853421495,0.759540570581697,20.338016929347052,0.5856870065836349
SOMERSET,5876,5169,19,58,1812,73,13007,2018-03-31,38,1077,45.175674636734065,39.740139924655956,0.14607519028215576,0.44591373875605445,13.930960252171905,0.5612362573998616
TALBOT,10004,11583,46,157,4882,187,26859,2018-03-31,114,1492,37.2463606239994,43.125209427007704,0.1712647529692096,0.5845340481775196,18.176402695558284,0.6962284522878737
WASHINGTON,31911,42306,258,690,19215,465,94845,2018-03-31,639,9122,33.645421477146925,44.60540882492487,0.27202277399968366,0.7275027676735726,20.259370551953186,0.49027360430175554
WICOMICO,26410,22752,143,410,10944,438,61097,2018-03-31,719,4165,43.22634499238915,37.23914431150466,0.2340540452068023,0.6710640456978249,17.912499795407303,0.7168928097942615
WORCESTER,14076,16512,84,245,6953,295,38165,2018-03-31,249,2404,36.88195991091314,43.26477138739683,0.2200969474649548,0.6419494301061182,18.21826280623608,0.772959517882877
Total,2136893,1006027,9332,21152,704106,31874,3909384,2018-03-31,49967,299496,54.66060637686142,25.733644993686983,0.23870768387040003,0.5410571077182492,18.010663572573073,0.8153202652898768
ALLEGANY,13783,21365,138,286,7194,298,43064,2018-04-30,13,3007,32.00585175552666,49.61220509009846,0.3204532788407951,0.6641278097715029,16.70536875348319,0.6919933122793981
ANNE ARUNDEL,160971,134849,840,2764,83725,1253,384402,2018-04-30,201,20866,41.87569263427349,35.08020249634497,0.2185212355815006,0.7190389227943663,21.780583867929927,0.3259608430757384
BALTIMORE CITY,300968,30883,1268,1422,46110,1671,382322,2018-04-30,128,26753,78.72107804416173,8.077745983751916,0.3316576079848923,0.3719377906581363,12.060514435475856,0.43706613796747246
BALTIMORE CO.,307219,142373,1452,3137,91666,4479,550326,2018-04-30,266,27133,55.82491105272148,25.870665750845863,0.26384361269502077,0.5700257665456475,16.65667259042822,0.8138812267637727
CALVERT,23621,26773,139,496,13387,387,64803,2018-04-30,29,4280,36.45047297193032,41.31444531888956,0.2144962424579109,0.7653966637347036,20.65799422866225,0.5971945743252627
CAROLINE,6822,9220,27,109,3868,117,20163,2018-04-30,0,1063,33.83425085552745,45.72732232306701,0.1339086445469424,0.5405941576154342,19.183653226206417,0.5802707930367506
CARROLL,32225,63227,266,915,24217,819,121669,2018-04-30,26,7162,26.48579342313983,51.966400644371205,0.21862594415997502,0.7520403718284855,19.90400184106058,0.673137775439923
CECIL,21326,27778,159,430,14187,556,64436,2018-04-30,26,7480,33.096405735924016,43.109441926873174,0.24675647153764974,0.6673288223974176,22.01719535663294,0.8628716866348004
CHARLES,66845,25144,159,492,18169,496,111305,2018-04-30,22,7771,60.055702798616416,22.590180135663267,0.14285072548403036,0.44202865998832036,16.323615291316653,0.4456223889313149
DORCHESTER,9950,8092,26,115,3017,102,21302,2018-04-30,12,1351,46.709229180358655,37.9870434700967,0.1220542672049573,0.5398554126373111,14.162989390667544,0.4788282790348324
FREDERICK,62734,66432,451,1297,38867,332,170113,2018-04-30,25,11498,36.87784002398406,39.05168917131554,0.2651178922245801,0.762434381852063,22.847754139895248,0.19516439072851574
GARRETT,4239,12743,37,101,2485,131,19736,2018-04-30,2,1324,21.478516416700447,64.56728820429672,0.18747466558573167,0.5117551682205107,12.591203891366032,0.6637616538305634
HARFORD,64210,77367,395,1375,35034,1112,179493,2018-04-30,82,9456,35.77298279041523,43.103073657468535,0.22006429220081006,0.7660465867749717,19.5183099062359,0.6195227669045589
HOWARD,105871,55797,503,1247,47840,1819,213077,2018-04-30,103,14085,49.68673296507835,26.18630823598981,0.2360648967274741,0.585234445763738,22.451977454159763,0.8536820022808657
KENT,5974,4714,29,79,2067,104,12967,2018-04-30,11,858,46.07079509524177,36.353821238528575,0.22364463638466875,0.6092388370478907,15.9404642554176,0.8020359373795019
MONTGOMERY,379132,114198,1645,3040,143242,4650,645907,2018-04-30,386,81699,58.697614362439175,17.680254278092665,0.2546806273968234,0.4706559922713332,22.17687685688497,0.7199178829150327
PR. GEORGE'S,451313,40784,1052,1606,67191,11529,573475,2018-04-30,192,43420,78.69793800950346,7.111731112951741,0.18344304459653865,0.2800470813897729,11.716465408256681,2.0103753433018006
QUEEN ANNE'S,10672,17747,77,254,6617,182,35549,2018-04-30,2,2129,30.02053503614729,49.92264198711637,0.21660243607415117,0.7145067371796675,18.61374440912543,0.5119693943570847
ST. MARY'S,25603,29377,133,540,14351,410,70414,2018-04-30,43,5843,36.360666912829835,41.72039651205726,0.18888289260658392,0.766892947425228,20.380890163887862,0.5822705711932286
SOMERSET,5865,5211,19,58,1815,73,13041,2018-04-30,1,1062,44.97354497354497,39.958592132505174,0.14569434859289931,0.4447511693888505,13.917644352426962,0.5597730235411394
TALBOT,10064,11579,47,160,4882,189,26921,2018-04-30,7,1463,37.383455295122765,43.011032279633,0.17458489654916237,0.5943315627205528,18.134541807510864,0.7020541584636529
WASHINGTON,32027,42387,262,693,19326,474,95169,2018-04-30,81,9033,33.65276508106631,44.5386627998613,0.2752997299540817,0.7281782933518267,20.307032752261765,0.4980613435047127
WICOMICO,26460,22757,144,410,10982,435,61188,2018-04-30,43,4094,43.24377328888017,37.19193305876969,0.23534026279662681,0.6700660260181736,17.947963653003857,0.7109237105314767
WORCESTER,14081,16605,82,247,6962,296,38273,2018-04-30,2,2351,36.79094923314086,43.385676586627646,0.2142502547487785,0.6453635722310768,18.190369189768244,0.7733911634833955
Total,2141975,1007402,9350,21273,707201,31914,3919115,2018-04-30,1703,295181,54.65455849088379,25.70483387193282,0.23857426995635497,0.5428011170889346,18.04491575266355,0.8143164974745574
ALLEGANY,13772,21447,142,288,7220,291,43160,2018-05-30,2,2985,31.90917516218721,49.691844300278035,0.3290083410565338,0.6672845227062094,16.728452270620945,0.6742354031510658
ANNE ARUNDEL,161365,135191,841,2782,83945,1255,385379,2018-05-30,44,20743,41.87176779222532,35.08001214388952,0.2182267326450066,0.7218867660147543,21.782453117580356,0.3256534476450455
BALTIMORE CITY,302321,30851,1261,1433,46472,1694,384032,2018-05-30,27,26544,78.72286684442963,8.033445129572536,0.32835805349554203,0.3731459878343471,12.101074910424131,0.441109074243813
BALTIMORE CO.,307754,142558,1436,3158,91922,4503,551331,2018-05-30,33,26931,55.820187872620984,25.85706227293586,0.26046059445233444,0.5727956527022787,16.672742871342262,0.8167507359462827
CALVERT,23579,27023,140,492,13408,383,65025,2018-05-30,5,4253,36.26143790849673,41.55786236063052,0.21530180699730872,0.7566320645905421,20.619761630142253,0.5890042291426374
CAROLINE,6816,9294,26,109,3858,117,20220,2018-05-30,0,1050,33.70919881305638,45.96439169139466,0.12858555885262118,0.5390702274975272,19.080118694362017,0.5786350148367952
CARROLL,32263,63407,265,924,24247,824,121930,2018-05-30,3,7138,26.460264085950957,52.002788485196426,0.21733781678011976,0.7578118592635119,19.88600016402854,0.6757975887804478
CECIL,21406,27989,159,436,14266,551,64807,2018-05-30,1,7442,33.03038252040675,43.18823583872113,0.24534386717484222,0.6727668307435924,22.01305414538553,0.8502167975681639
CHARLES,67231,25096,159,499,18238,500,111723,2018-05-30,5,7736,60.176507970605876,22.46269792254057,0.14231626433232192,0.4466403515838278,16.32430206850872,0.4475354224286852
DORCHESTER,9929,8142,26,116,3023,103,21339,2018-05-30,2,1342,46.52982801443367,38.155489947982566,0.12184263554993204,0.5436056047612353,14.16654951028633,0.48268428698626925
FREDERICK,63040,66681,446,1306,39017,336,170826,2018-05-30,7,11437,36.90304754545561,39.03445611323803,0.2610843782562373,0.7645206233243184,22.84019996955967,0.19669137016613394
GARRETT,4236,12783,37,105,2491,132,19784,2018-05-30,0,1314,21.411241407197735,64.61281843914274,0.1870198139911039,0.5307319045693489,12.590982612211887,0.6672058228871816
HARFORD,64333,77545,391,1376,35119,1115,179879,2018-05-30,9,9406,35.76459731263794,43.109534742799326,0.2173683420521573,0.7649586666592543,19.52367980698136,0.6198611288699626
HOWARD,106347,55840,503,1250,48018,1817,213775,2018-05-30,11,14022,49.74716407437727,26.120921529645656,0.2352941176470588,0.584726932522512,22.461934276692787,0.8499590691147234
KENT,5998,4726,29,77,2067,104,13001,2018-05-30,0,860,46.134912699023154,36.351049919236985,0.22305976463348975,0.5922621336820245,15.898777017152527,0.7999384662718252
MONTGOMERY,381727,114150,1619,3049,143315,4680,648540,2018-05-30,65,81258,58.8594381225522,17.60107317975761,0.24963764763931293,0.4701329139297499,22.098097264625157,0.7216208714959755
PR. GEORGE'S,452688,40792,1039,1619,67644,11532,575314,2018-05-30,45,43078,78.68537876707329,7.090388900669894,0.18059703049117526,0.28141154221868403,11.757753157406215,2.004470602140744
QUEEN ANNE'S,10707,17817,74,257,6625,182,35662,2018-05-30,1,2114,30.02355448376423,49.960742527059615,0.20750378554203353,0.7206550389770625,18.577197016432056,0.5103471482250014
ST. MARY'S,25675,29527,133,550,14420,410,70715,2018-05-30,4,5801,36.30771406349431,41.75493176836598,0.1880789082938556,0.7777699215159443,20.391713215018033,0.5797921233118858
SOMERSET,5883,5245,20,60,1825,73,13106,2018-05-30,0,1052,44.88783763161911,40.01983824202655,0.15260186174271326,0.45780558522813974,13.924919884022586,0.5569967953609034
TALBOT,10120,11618,47,160,4872,187,27004,2018-05-30,6,1451,37.475929491927126,43.02325581395349,0.17404828914234927,0.5925048141016145,18.041771589394166,0.692490001481262
WASHINGTON,32102,42487,259,701,19402,481,95432,2018-05-30,8,8968,33.63861178640288,44.520705842903844,0.27139743482270096,0.7345544471456116,20.330706681197082,0.5040238075278732
WICOMICO,26526,22811,142,413,11029,435,61356,2018-05-30,5,4064,43.23293565421475,37.1781080904883,0.23143620835778084,0.673120803181433,17.975422126605384,0.7089771171523567
WORCESTER,14055,16745,82,249,6968,291,38390,2018-05-30,0,2333,36.61109663974994,43.61812972128158,0.2135972909611878,0.6486064079187288,18.150560041677522,0.7580098984110445
Total,2149873,1009765,9276,21409,709411,31996,3931730,2018-05-30,283,293322,54.6800772179168,25.682460392753313,0.23592667858677988,0.5445185707055165,18.043227790311136,0.8137893497264563
ALLEGANY,13760,21461,142,288,7220,291,43162,2018-06-30,1,2975,31.879894351512906,49.72197766553913,0.32899309577869423,0.667253602706084,16.72767712339558,0.6742041610676057
ANNE ARUNDEL,161590,135229,829,2782,83878,1259,385567,2018-06-30,7,20564,41.909707002933345,35.07276296985997,0.21500802713925207,0.7215347786506625,21.75445512712447,0.326532094292302
BALTIMORE CITY,303597,30791,1253,1431,46495,1710,385277,2018-06-30,6,26352,78.79966880971352,7.99191231244014,0.3252205556002564,0.37142108145568,12.067940728359076,0.44383651243131567
BALTIMORE CO.,308555,142892,1428,3164,91859,4492,552390,2018-06-30,7,26733,55.85817990912217,25.867955611071885,0.2585130071145387,0.5727837216459386,16.6293741740437,0.813193577001756
CALVERT,23553,27200,141,484,13368,379,65125,2018-06-30,0,4220,36.1658349328215,41.7658349328215,0.21650671785028794,0.7431861804222649,20.526679462571977,0.581957773512476
CAROLINE,6797,9328,26,108,3849,115,20223,2018-06-30,0,1024,33.610245759778465,46.12569846214706,0.12856648370667062,0.5340453938584779,19.0327844533452,0.5686594471641201
CARROLL,32259,63498,265,925,24250,824,122021,2018-06-30,2,7103,26.437252604059957,52.03858352250842,0.2171757320461232,0.7580662345006188,19.873628309881084,0.6752935970037944
CECIL,21412,28063,159,438,14257,549,64878,2018-06-30,0,7279,33.00348346126576,43.25503252258084,0.24507537223712197,0.6751132895588643,21.975091710595272,0.8462036437621381
CHARLES,67516,25034,159,503,18250,500,111962,2018-06-30,0,7659,60.30260266876262,22.359371929761885,0.1420124685161037,0.4492595702113217,16.300173273074794,0.446580089673282
DORCHESTER,9945,8160,25,117,3030,102,21379,2018-06-30,1,1323,46.51761073951074,38.16829599139343,0.11693718134618084,0.5472660087001263,14.172786379157118,0.4771036998924178
FREDERICK,63249,66773,441,1305,38970,337,171075,2018-06-30,2,11338,36.97150372643577,39.03141896828876,0.25778167470407715,0.7628233231039018,22.77948268303376,0.1969896244337279
GARRETT,4235,12803,36,106,2485,130,19795,2018-06-30,0,1311,21.39429148774943,64.6779489770144,0.18186410709775197,0.5354887597878252,12.5536751704976,0.6567314978529932
HARFORD,64385,77616,382,1374,35077,1116,179950,2018-06-30,6,9314,35.77938316198944,43.131981105862735,0.2122811892192276,0.7635454292859127,19.492636843567656,0.6201722700750208
HOWARD,106769,55845,503,1252,47965,1816,214150,2018-06-30,4,13921,49.857109502685034,26.077515759981324,0.2348820919915947,0.5846369367265936,22.39785197291618,0.8480037356992762
KENT,6024,4738,28,77,2058,103,13028,2018-06-30,0,825,46.23887012588271,36.367823150138165,0.21492170709241634,0.5910346945041449,15.796745471292601,0.7906048510899601
MONTGOMERY,383799,113992,1610,3033,142811,4702,649947,2018-06-30,29,80686,59.05081491260057,17.538660844653485,0.24771250578893353,0.4666534348185314,21.972714698275396,0.7234436038630842
PR. GEORGE'S,453334,40739,1040,1629,67722,11531,575995,2018-06-30,6,42827,78.70450264325211,7.07280445142753,0.18055712289169176,0.28281495499092874,11.757393727376106,2.0019271000616325
QUEEN ANNE'S,10732,17854,73,256,6612,182,35709,2018-06-30,0,2080,30.054047999103865,49.998599792769326,0.20443025567784034,0.7169061021031112,18.516340418381922,0.5096754319639306
ST. MARY'S,25685,29557,132,548,14407,405,70734,2018-06-30,0,5744,36.31209884920972,41.786128311703,0.18661464076681653,0.7747335086379958,20.367857041875194,0.572567647807278
SOMERSET,5886,5268,20,60,1829,72,13135,2018-06-30,0,1041,44.811572135515796,40.106585458698135,0.15226494099733537,0.4567948229920061,13.92462885420632,0.5481537875904073
TALBOT,10153,11626,46,156,4846,186,27013,2018-06-30,3,1435,37.585606929996665,43.038537000703364,0.17028837966904822,0.5774997223559026,17.939510606004518,0.6885573612704994
WASHINGTON,32081,42528,258,705,19391,484,95447,2018-06-30,0,8932,33.611323561767264,44.55666495542028,0.270307081416912,0.7386298154997014,20.315986882772638,0.5070877031231993
WICOMICO,26507,22811,139,414,11027,432,61330,2018-06-30,1,3990,43.220283711071254,37.19386923202348,0.22664275232349584,0.6750366867764552,17.97978150986467,0.7043861079406489
WORCESTER,14039,16854,82,248,6950,289,38462,2018-06-30,2,2282,36.50096198845614,43.819874161510064,0.21319744163070045,0.64479226249285,18.06978316260205,0.7513909833082003
Total,2155862,1010660,9217,21403,708606,32006,3937754,2018-06-30,77,290958,54.748519079658095,25.665899901314305,0.23406744047495096,0.5435331917636298,17.995182025083334,0.812798361705683
ALLEGANY,13647,21529,142,289,7188,287,43082,2018-07-31,543,3002,31.676802376862728,49.97214613991922,0.3296040109558516,0.67081379694536,16.68446218838494,0.6661714869318973
ANNE ARUNDEL,160960,134554,809,2779,83195,1256,383553,2018-07-31,1975,21566,41.96551715147581,35.08094057405365,0.2109226104345423,0.7245413280563573,21.690613813475583,0.3274645225040607
BALTIMORE CITY,302977,30500,1218,1391,45793,1700,383579,2018-07-31,2295,26004,78.98685798753321,7.951425912263184,0.31753563151267405,0.36263716209698654,11.938349075418623,0.443194231175325
BALTIMORE CO.,309589,143111,1415,3173,92007,4496,553791,2018-07-31,5333,26171,55.90358095382554,25.84205954954125,0.25551155580354323,0.572959835028016,16.61402948043576,0.811858625365887
CALVERT,23681,27510,137,478,13358,381,65545,2018-07-31,892,4171,36.12937676405522,41.97116484857732,0.20901670607979253,0.7292699671981082,20.37989167747349,0.5812800366160653
CAROLINE,6775,9401,25,114,3821,113,20249,2018-07-31,169,1057,33.458442392216895,46.426984048594996,0.12346288705615091,0.5629907649760483,18.87006765766211,0.5580522494938022
CARROLL,32314,63639,264,931,24245,823,122216,2018-07-31,825,7251,26.4400733128232,52.070923610656536,0.21601099692347975,0.7617660535445441,19.83782810761275,0.6733979184394842
CECIL,21467,28241,156,434,14220,548,65066,2018-07-31,1629,7202,32.992653613254234,43.40362093873913,0.23975655488273445,0.66701503089171,21.854732118156946,0.8422217440752466
CHARLES,67866,24992,161,506,18224,500,112249,2018-07-31,814,7660,60.460226817165406,22.264786323263458,0.14343112188081852,0.45078352591114396,16.235333945068554,0.4454382667106166
DORCHESTER,9921,8175,27,113,3005,102,21343,2018-07-31,116,1299,46.48362460759968,38.302956472848244,0.12650517734151712,0.529447594058942,14.079557700416997,0.47790844773462027
FREDERICK,63913,67135,439,1332,39371,344,172534,2018-07-31,527,11170,37.043713123210495,38.91117113148713,0.2544426026174551,0.7720217464383832,22.819270404673862,0.19938099157267553
GARRETT,4238,12848,36,111,2499,130,19862,2018-07-31,107,1297,21.337226865371058,64.68633571644345,0.181250629342463,0.5588561071392609,12.581814520189305,0.6545161615144497
HARFORD,64157,77615,383,1362,34892,1112,179521,2018-07-31,579,9665,35.73788024799327,43.2344962427794,0.2133455138953103,0.7586856133822784,19.43616624238947,0.6194261395602743
HOWARD,107712,55757,495,1240,48096,1788,215088,2018-07-31,281,13726,50.07810756527561,25.92287807781001,0.23013836197277393,0.5765082198913932,22.361080116045525,0.8312876590046864
KENT,6038,4766,28,79,2065,102,13078,2018-07-31,175,851,46.16913901208136,36.44288117449152,0.21410001529285821,0.6040679002905643,15.789876127848295,0.7799357699954121
MONTGOMERY,385404,113867,1600,3062,143420,4678,652031,2018-07-31,1069,81753,59.10823258403358,17.46343348705813,0.2453871058277904,0.46960957377793383,21.99588669863856,0.7174505506640022
PR. GEORGE'S,454926,40461,1029,1621,66884,11369,576290,2018-07-31,6610,42891,78.94046400249874,7.020944316229675,0.17855593537975673,0.2812819934408024,11.605962275937461,1.972791476513561
QUEEN ANNE'S,10766,17938,73,258,6583,175,35793,2018-07-31,177,2056,30.078506970636713,50.11594445841365,0.20395049311317856,0.7208113318246585,18.391864331014443,0.48892241499734584
ST. MARY'S,25804,29724,137,545,14476,410,71096,2018-07-31,892,5812,36.29458759986497,41.808259255091706,0.19269719815460787,0.766569145943513,20.361201755373017,0.5766850455721841
SOMERSET,5900,5308,20,61,1828,72,13189,2018-07-31,67,1011,44.734248237167336,40.2456592615058,0.15164151944802487,0.4625066343164759,13.860034877549474,0.5459094700128895
TALBOT,10197,11621,44,159,4860,187,27068,2018-07-31,218,1463,37.671789567016404,42.93261415693808,0.16255356878971478,0.5874094872173784,17.954780552682134,0.6908526673562879
WASHINGTON,32015,42476,254,713,19365,491,95314,2018-07-31,744,9349,33.588979583272135,44.56428226703317,0.26648760937532784,0.748053801120507,20.317057305327655,0.5151394338712046
WICOMICO,26498,22861,134,408,11048,429,61378,2018-07-31,1942,4140,43.171820522011146,37.24624458274952,0.21831926748998015,0.664733292059044,17.999934830069407,0.6989475056209066
WORCESTER,13988,16953,81,245,6898,300,38465,2018-07-31,560,2254,36.36552710256077,44.07383335499805,0.2105810477057065,0.6369426751592357,17.933186013258805,0.7799298063174315
Total,2160753,1010982,9107,21404,707341,31793,3941380,2018-07-31,28539,292821,54.82224500048206,25.650457453988196,0.23106120191405038,0.5430585226494273,17.946531417929762,0.8066464030364999
ALLEGANY,13643,21556,139,290,7236,286,43150,2018-08-30,151,3070,31.61761297798378,49.95596755504055,0.32213209733487835,0.6720741599073001,16.769409038238702,0.6628041714947857
ANNE ARUNDEL,162122,135107,819,2824,84082,1279,386233,2018-08-30,2072,22491,41.9751807846559,34.98069817959625,0.2120481678158003,0.7311648668031991,21.76976074027854,0.33114726085031576
BALTIMORE CITY,304437,30630,1240,1426,46573,1734,386040,2018-08-30,326,26113,78.8615169412496,7.934410941871309,0.32121023728111076,0.3693917728732774,12.06429385555901,0.4491762511656823
BALTIMORE CO.,309780,142906,1415,3203,92145,4496,553945,2018-08-30,60,27615,55.92251938369333,25.797868019388204,0.25544052207349105,0.5782162489055773,16.634322902093167,0.8116329238462302
CALVERT,23748,27572,140,482,13436,380,65758,2018-08-30,706,4023,36.1142370510052,41.929499072356215,0.21290185224611455,0.7329906627330515,20.43249490556282,0.5778764560965965
CAROLINE,6796,9456,26,117,3846,111,20352,2018-08-30,2,1049,33.39229559748428,46.4622641509434,0.127751572327044,0.5748820754716981,18.89740566037736,0.5454009433962264
CARROLL,32324,63597,263,937,24336,817,122274,2018-08-30,251,7592,26.435709962870273,52.011874969331174,0.2150906979406906,0.7663117261232969,19.902841160017665,0.668171483716898
CECIL,21456,28275,156,430,14310,551,65178,2018-08-30,447,7455,32.91908312620823,43.38120224615668,0.23934456411672653,0.6597318113473871,21.955260977630488,0.845377274540489
CHARLES,68127,25003,160,508,18304,503,112605,2018-08-30,27,7424,60.50086585853204,22.204165001554106,0.1420896052573154,0.45113449669197636,16.25505084143688,0.44669419652768527
DORCHESTER,9933,8177,27,110,3016,104,21367,2018-08-30,128,1342,46.487574296812845,38.26929377076801,0.1263630832592315,0.5148125614264988,14.11522441147564,0.4867318762577807
FREDERICK,64379,67384,444,1345,39700,341,173593,2018-08-30,106,10920,37.08617282954958,38.81723341378972,0.255770681997546,0.7748008272222958,22.86958575518598,0.19643649225487203
GARRETT,4209,12853,36,112,2511,129,19850,2018-08-30,1,1340,21.20403022670025,64.75062972292191,0.181360201511335,0.5642317380352645,12.649874055415616,0.6498740554156172
HARFORD,64683,78181,390,1391,35475,1108,181228,2018-08-30,1407,9368,35.69150462400953,43.13958108018628,0.21519853444280135,0.7675414395126581,19.57478976758558,0.6113845542631381
HOWARD,108051,55720,496,1263,48440,1793,215763,2018-08-30,1126,13673,50.078558418264485,25.824631656029993,0.22988186111613207,0.5853644971566023,22.450559178357736,0.8310043890750499
KENT,6018,4771,30,78,2074,101,13072,2018-08-30,14,865,46.03733170134639,36.49785801713586,0.2294981640146879,0.5966952264381885,15.865973072215422,0.7726438188494492
MONTGOMERY,387071,113505,1574,3041,142695,4639,652525,2018-08-30,4787,80990,59.31895329680855,17.394735833876098,0.24121681161641317,0.4660357840695759,21.86812765794414,0.7109306156852228
PR. GEORGE'S,457051,40513,1046,1654,67810,11378,579452,2018-08-30,6529,43630,78.87642117034716,6.991605862090388,0.18051538350027269,0.28544210737041203,11.702436094793011,1.9635793818987595
QUEEN ANNE'S,10796,18001,71,257,6622,178,35925,2018-08-30,33,2112,30.051496172581764,50.10716771050801,0.197633959638135,0.7153792623521225,18.43284620737648,0.4954766875434934
ST. MARY'S,25648,29622,137,547,14559,413,70926,2018-08-30,661,6325,36.16163325155796,41.764656120463584,0.19315906719679668,0.7712263485886699,20.527028170205565,0.5822970419874235
SOMERSET,5913,5309,19,61,1835,72,13209,2018-08-30,15,923,44.76493300022712,40.192293133469605,0.14384132031190855,0.4618063441592853,13.892043303808011,0.5450828980240745
TALBOT,10227,11608,45,160,4882,187,27109,2018-08-30,219,1501,37.72547862333543,42.81972776568667,0.16599653251687632,0.590209893393338,18.008779372164227,0.6898078129034638
WASHINGTON,32101,42516,254,714,19434,492,95511,2018-08-30,43,9589,33.60974128634398,44.51424443257845,0.2659379547905477,0.7475578729151616,20.34739454094293,0.5151239124289348
WICOMICO,26544,22923,136,406,11115,422,61546,2018-08-30,54,4139,43.1287167322003,37.24531244922497,0.22097293081597505,0.6596691905241608,18.059662691320312,0.6856660059142755
WORCESTER,14037,17071,84,251,6962,300,38705,2018-08-30,581,2410,36.266632218059684,44.10541273737243,0.21702622400206692,0.6484950264823666,17.987340136933213,0.7750936571502389
Total,2169094,1012256,9147,21607,711398,31814,3955316,2018-08-30,19746,295959,54.83996727442258,25.592291488214848,0.23125838744616106,0.5462774655678585,17.98587015550717,0.8043352288413871
ALLEGANY,13663,21643,138,294,7265,295,43298,2018-09-30,8,3035,31.555730056815555,49.986142546999865,0.3187214190031872,0.6790151970067901,16.77906600766779,0.6813247725068133
ANNE ARUNDEL,162981,135621,832,2875,84524,1352,388185,2018-09-30,5,22226,41.98539356234785,34.93720777464354,0.2143307958834061,0.7406262477942218,21.774154076020455,0.3482875433105349
BALTIMORE CITY,304930,30776,1258,1452,47023,1749,387188,2018-09-30,36,25883,78.75502339948552,7.948593448144053,0.324906763639369,0.37501162226102047,12.144746221473806,0.4517185449962292
BALTIMORE CO.,311012,143282,1413,3224,92838,4541,556310,2018-09-30,10,27291,55.90623932699395,25.755783645808993,0.2539950746885729,0.5795329941938847,16.68817745501609,0.8162715032985206
CALVERT,23847,27662,139,487,13539,377,66051,2018-09-30,10,3990,36.10391969841486,41.8797595797187,0.21044344521657507,0.7373090490681443,20.497797156742518,0.5707710708392
CAROLINE,6828,9465,25,119,3879,114,20430,2018-09-30,0,1026,33.421439060205586,46.328928046989724,0.12236906510034262,0.5824767498776309,18.986784140969164,0.5580029368575624
CARROLL,32514,63781,257,946,24442,821,122761,2018-09-30,7,7234,26.485610250812552,51.95542558304348,0.20934987496028867,0.7706030416826191,19.910232076962554,0.6687791725385097
CECIL,21501,28444,154,436,14420,559,65514,2018-09-30,3,7397,32.81893946332082,43.41667429862319,0.23506426107396894,0.6655066092743536,22.010562627835274,0.8532527398723937
CHARLES,68493,25077,166,512,18390,506,113144,2018-09-30,6,7355,60.53613094817224,22.163791274835607,0.14671568974050767,0.45252068160927666,16.2536237007707,0.447217704871668
DORCHESTER,9966,8219,27,106,3043,107,21468,2018-09-30,2,1324,46.42258244829514,38.28488913732067,0.1257685858021241,0.4937581516675983,14.17458542947643,0.49841624743804736
FREDERICK,64942,67637,446,1352,39911,348,174636,2018-09-30,33,10770,37.18706337753957,38.730273254082775,0.2553883506264459,0.7741817265626789,22.85382166334547,0.1992716278430564
GARRETT,4204,12866,36,112,2519,131,19868,2018-09-30,0,1332,21.159653714515805,64.75739883229313,0.18119589289309443,0.5637205556674049,12.678679283269577,0.6593517213609825
HARFORD,64963,78516,397,1396,35711,1111,182094,2018-09-30,13,9296,35.67553022065527,43.11838940327523,0.21801926477533579,0.7666370116533219,19.61129965841818,0.6101244412226653
HOWARD,108681,55799,503,1270,48833,1814,216900,2018-09-30,24,13536,50.10650069156293,25.725680036883357,0.23190410327339786,0.5855232826187183,22.514061779621947,0.8363301060396497
KENT,6031,4802,30,80,2094,102,13139,2018-09-30,3,855,45.9015145749296,36.547682472029834,0.22832787883400563,0.6088743435573484,15.937285942613594,0.7763147880356192
MONTGOMERY,391412,113905,1583,3124,144643,4747,659414,2018-09-30,156,78218,59.35755079509989,17.273670258744886,0.24006163047796983,0.4737539694334667,21.935081754406184,0.7198815918376013
PR. GEORGE'S,457480,40484,1040,1673,68243,11319,580239,2018-09-30,40,42902,78.84337316174886,6.977124943342313,0.17923648703379125,0.2883294642380123,11.761188062160592,1.950747881476426
QUEEN ANNE'S,10851,18074,70,256,6666,175,36092,2018-09-30,1,2096,30.06483431231298,50.07757951900699,0.1939487975174554,0.7092984594924083,18.469466917876538,0.48487199379363843
ST. MARY'S,25769,29748,134,558,14678,411,71298,2018-09-30,1,6280,36.142668798563776,41.72347050408146,0.18794356082919578,0.7826306488260539,20.58683273023086,0.5764537574686527
SOMERSET,5904,5329,19,63,1839,74,13228,2018-09-30,1,899,44.63259752041125,40.28575748412459,0.1436347142425159,0.4762624735409737,13.902328394315088,0.5594194133655882
TALBOT,10291,11631,46,164,4896,200,27228,2018-09-30,1,1484,37.79565153518437,42.71705597179374,0.16894373439106802,0.6023211400029381,17.981489643014545,0.7345379756133392
WASHINGTON,32306,42744,250,720,19526,523,96069,2018-09-30,2,9454,33.62791327067004,44.493020641413985,0.26022962662253174,0.7494613246728914,20.324974757726217,0.5444003788943363
WICOMICO,26626,22990,138,411,11243,429,61837,2018-09-30,4,4095,43.05836311593383,37.17838834354836,0.22316735934796317,0.6646506137102383,18.181671167747464,0.6937593997121464
WORCESTER,14101,17162,84,252,7003,316,38918,2018-09-30,151,2380,36.23259160285729,44.09784675471504,0.21583842951847476,0.6475152885554243,17.994244308546172,0.8119636158075955
Total,2179296,1015657,9185,21882,717168,32121,3975309,2018-09-30,517,290358,54.82079506272343,25.549133413276802,0.2310512214270639,0.5504477765124673,18.040559865912307,0.8080126601479282
ALLEGANY,14468,20997,113,241,6858,314,42991,2016-09-30,2,2796,33.6535553953153,48.84045497894908,0.26284571189318695,0.5605824474890093,15.95217603684492,0.7303854295085017
ANNE ARUNDEL,158100,135494,806,2310,79585,791,377086,2016-09-30,41,25443,41.926775324461794,35.93185639350175,0.21374434479137383,0.6125923529380566,21.105265111937328,0.20976647236969817
BALTIMORE CITY,306126,31956,1201,1310,44862,1416,386871,2016-09-30,153,41212,79.12870181533378,8.26011771365649,0.3104393971116987,0.3386141633774566,11.596113433159891,0.36601347736067064
BALTIMORE CO.,306606,142767,1347,2846,88232,4342,546140,2016-09-30,169,30078,56.140550042113745,26.14109935181455,0.24664005566338304,0.521111802834438,16.155564507269197,0.7950342403046838
CALVERT,23552,25857,140,380,12593,389,62911,2016-09-30,24,4683,37.437014194655944,41.100920347792915,0.22253659932285294,0.6040279124477436,20.017167109090618,0.618333836689927
CAROLINE,6858,8766,28,113,3623,129,19517,2016-09-30,2,1261,35.13859712045909,44.91468975764718,0.14346467182456318,0.5789824255777015,18.56330378644259,0.6609622380488804
CARROLL,32459,62991,247,762,22825,788,120072,2016-09-30,19,5682,27.03294689852755,52.46102338596842,0.20570990738890002,0.6346192284629223,19.0094276767273,0.6562729029249117
CECIL,22364,27293,136,387,13750,566,64496,2016-09-30,7,6579,34.675018605805015,42.317353014140416,0.2108657901265195,0.6000372116100223,21.319151575291492,0.8775738030265443
CHARLES,64110,26204,135,418,17274,463,108604,2016-09-30,39,7223,59.0309749180509,24.128024750469596,0.12430481381901219,0.3848845346396081,15.905491510441605,0.4263194725792788
DORCHESTER,10199,7852,25,105,2905,112,21198,2016-09-30,6,1349,48.11302953108784,37.04123030474573,0.1179356543070101,0.4953297480894424,13.704123030474575,0.5283517312954052
FREDERICK,60658,66184,411,1062,36531,262,165108,2016-09-30,43,10492,36.738377304552174,40.085277515323305,0.24892797441674538,0.6432153499527582,22.125517842866486,0.15868401288853357
GARRETT,4443,12502,39,90,2389,146,19609,2016-09-30,7,1094,22.65796318017237,63.75643837013616,0.19888826559233005,0.45897292059768474,12.183181192309654,0.7445560711917997
HARFORD,64011,75647,343,1143,32780,1085,175009,2016-09-30,21,9487,36.57583324286179,43.22463416167169,0.19598992051837336,0.6531092686661829,18.730465290356495,0.6199681159254667
HOWARD,102483,57293,462,1114,44421,1842,207615,2016-09-30,57,12081,49.36204031500614,27.595790284902343,0.22252727404089298,0.5365700936830191,21.395852900801966,0.8872191315656383
KENT,6061,4704,22,56,1956,115,12914,2016-09-30,0,892,46.9335604770017,36.42558463682825,0.17035775127768313,0.43363791234319343,15.146352795415826,0.8905064271333437
MONTGOMERY,381791,122053,1561,2708,143025,4100,655238,2016-09-30,120,60588,58.267530271443356,18.62727741675544,0.2382340462549486,0.4132849437914162,21.827946486620128,0.6257268351347144
PR. GEORGE'S,450755,42915,892,1394,63091,12249,571296,2016-09-30,314,60720,78.90042989973674,7.51186775331877,0.1561362236038761,0.24400660953341177,11.043487089004648,2.1440724248025544
QUEEN ANNE'S,10841,17333,74,207,6299,175,34929,2016-09-30,5,2065,31.037246986744538,49.62352200177503,0.21185834120644736,0.5926307652666839,18.03372555755962,0.5010163474476796
ST. MARY'S,25780,29118,120,466,13660,403,69547,2016-09-30,12,5564,37.06845730225603,41.868089205860784,0.17254518527039267,0.6700504694666916,19.641393589946368,0.5794642471997354
SOMERSET,6006,5073,16,39,1686,76,12896,2016-09-30,4,1605,46.57258064516129,39.33777915632754,0.12406947890818859,0.3024193548387097,13.073821339950372,0.5893300248138957
TALBOT,9985,11658,42,135,4753,190,26763,2016-09-30,8,1505,37.30897134103053,43.5601389978702,0.15693307925120503,0.5044277547360161,17.7595934685947,0.7099353585173561
WASHINGTON,32156,41909,235,600,18527,380,93807,2016-09-30,100,7512,34.278891767138916,44.67577046489068,0.25051435393947147,0.6396111164412037,19.750125257176972,0.40508704041276233
WICOMICO,26029,22241,136,347,10479,435,59667,2016-09-30,13,5096,43.62377863810817,37.27521075301256,0.2279316875324719,0.5815609968659393,17.562471718035095,0.729046206445774
WORCESTER,14412,16223,83,215,6803,306,38042,2016-09-30,41,2952,37.88444350980495,42.644971347458075,0.21817990641922086,0.5651648178329215,17.882866305662162,0.8043741128226697
Total,2140253,1015030,8614,18448,678907,31074,3892326,2016-09-30,1207,307959,54.98647852209707,26.07772319173677,0.2213072594638784,0.47395824501853134,17.44219266320447,0.7983401184792847
ALLEGANY,15187,20302,118,207,6583,379,42776,2014-09-30,1,2817,35.50355339442678,47.46119319244436,0.2758556199738171,0.48391621469983165,15.389470731251171,0.8860108472040397
ANNE ARUNDEL,147763,124730,827,1767,75929,324,351340,2014-09-30,54,30683,42.056981840951785,35.50122388569476,0.2353845278078215,0.502931633175841,21.61125974839187,0.09221836397791312
BALTIMORE CITY,293464,30105,1204,1090,46003,1364,373230,2014-09-30,103,42905,78.62819173164,8.066071859175308,0.3225892881065295,0.2920451196313265,12.32564370495405,0.3654582964927793
BALTIMORE CO.,298518,131834,1305,2334,84460,4835,523286,2014-09-30,32,37136,57.046815699254324,25.19348883784393,0.2493856132210684,0.44602760249653156,16.140313327702252,0.9239689194818894
CALVERT,23314,24057,129,271,12031,464,60266,2014-09-30,10,4271,38.68516244648724,39.91803006670428,0.2140510403876149,0.4496731158530515,19.963163309328642,0.769920021239173
CAROLINE,6970,7798,32,89,3430,148,18467,2014-09-30,2,1776,37.743001028862295,42.22667460876158,0.1732820707207451,0.48194075919207235,18.573671955379865,0.8014295770834462
CARROLL,31341,59560,269,603,21502,876,114151,2014-09-30,45,5608,27.45573845169994,52.176503052973686,0.2356527757093674,0.5282476719433031,18.836453469527207,0.7674045781464901
CECIL,22960,24752,129,298,13350,662,62151,2014-09-30,133,6242,36.94228572347991,39.82558607262956,0.2075590095090988,0.47947740181171666,21.47994400733697,1.0651477852327396
CHARLES,59194,24500,123,328,16509,532,101186,2014-09-30,16,7404,58.50018777301208,24.212835767793965,0.121558318344435,0.32415551558516,16.31549819144941,0.5257644338149546
DORCHESTER,10371,7297,30,69,2745,118,20630,2014-09-30,9,1460,50.271449345613185,35.370819195346584,0.1454192922927775,0.33446437227338827,13.305865244789143,0.5719825496849249
FREDERICK,54743,61605,401,777,34316,190,152032,2014-09-30,46,10930,36.00755104188592,40.52107451062934,0.2637602609976847,0.5110766154493791,22.57156388128815,0.12497368974952641
GARRETT,4629,12085,36,75,2374,189,19388,2014-09-30,2,985,23.87559315040231,62.33237053847741,0.18568186507117806,0.3868372188982876,12.24468743552713,0.9748297916236848
HARFORD,63234,69542,321,915,31036,1220,166268,2014-09-30,5,8059,38.03137103952655,41.82524598840426,0.19306180383477278,0.5503163567252869,18.66624966920875,0.7337551423003825
HOWARD,94024,55966,476,925,43484,2201,197076,2014-09-30,109,11984,47.70951308124785,28.39818141224705,0.24153118593841968,0.4693620735147862,22.064584221315634,1.1168280257362642
KENT,6011,4572,30,58,1951,130,12752,2014-09-30,0,918,47.13770388958595,35.853199498117945,0.23525721455457965,0.45483061480552073,15.299560853199498,1.019447929736512
MONTGOMERY,358446,122130,1597,2214,149244,3728,637359,2014-09-30,57,44055,56.23926233096262,19.161885216965636,0.25056522305325574,0.3473709479273063,23.416002598221723,0.584913682869466
PR. GEORGE'S,429207,41743,746,1052,58384,14761,545893,2014-09-30,66,56488,78.62474880608471,7.6467366315376815,0.13665681736164415,0.19271175853143382,10.695136226330067,2.7040097601544626
QUEEN ANNE'S,11005,15951,53,153,6012,196,33370,2014-09-30,1,1648,32.97872340425532,47.80041953850764,0.15882529217860353,0.4584956547797423,18.01618219958046,0.587353910698232
ST. MARY'S,25112,25914,126,322,12867,446,64787,2014-09-30,3,5487,38.76086251871517,39.99876518437341,0.1944834611882013,0.4970132897031812,19.860465834195132,0.6884097118249032
SOMERSET,6437,4774,15,31,1720,101,13078,2014-09-30,1,1567,49.22006423000459,36.50405260743233,0.1146964367640312,0.23703930264566447,13.151858082275577,0.7722893408778101
TALBOT,9676,11197,47,117,4468,222,25727,2014-09-30,9,1899,37.61029268861507,43.522369495082984,0.18268744898355813,0.4547751389590703,17.366968554436973,0.8629066739223383
WASHINGTON,31989,39329,238,429,18158,331,90474,2014-09-30,3,6331,35.35711917235891,43.46994716714194,0.26305900037579855,0.4741693746269647,20.069854322788867,0.36585096270751816
WICOMICO,25431,20703,120,266,10070,541,57131,2014-09-30,13,5811,44.5134865484588,36.23776933713746,0.21004358404368906,0.4655966112968441,17.626157427666243,0.9469464913969649
WORCESTER,14453,14494,76,160,6338,359,35880,2014-09-30,15,4227,40.28149386845039,40.39576365663322,0.21181716833890749,0.4459308807134894,17.664437012263097,1.000557413600892
Total,2043479,954940,8448,14550,662964,34317,3718698,2014-09-30,735,300691,54.951464195264045,25.67941790379321,0.22717628589361116,0.3912659753494368,17.827852651653885,0.9228229880458161
